"canonical_name","aliases","country_code","country_group","region","primary_role","current_or_last_team","roster_status","is_active_roster","is_coach","is_featured_team","is_vct_cn_team","champions_titles","masters_titles","champions_appearances","data_as_of","source_url","source_checked_at","review_status"
"TenZ","tenz|Tyson Ngo","CA","north_america","americas","duelist","Sentinels","retired","false","false","true","false","0","2","2","2026-08-03","https://www.vlr.gg/player/9/tenz/","2026-08-03T00:00:00.000Z","approved"
"Chronicle","Timofey Khromov|chronicle","RU","eastern_europe","emea","flex","Team Vitality","active","true","false","true","false","0","2","5","2026-08-20","https://www.vlr.gg/team/2059/team-vitality","2026-08-20T12:00:00.000Z","approved"
"aspas","Erick Santos|Aspas","BR","south_america","americas","duelist","MIBR","active","true","false","true","false","1","0","3","2026-08-20","https://www.vlr.gg/team/7386/mibr","2026-08-20T12:00:00.000Z","approved"
"Demon1","Max Mazanov|demon1","US","north_america","americas","duelist","ENVY","active","true","false","true","false","1","0","1","2026-08-20","https://www.vlr.gg/team/427/envy","2026-08-20T12:00:00.000Z","approved"
"ZmjjKK","Zheng Yongkang (郑永康)|KangKang|Zheng Yongkang","CN","east_asia","china","duelist","EDward Gaming","active","true","false","true","true","1","0","4","2026-08-20","https://www.vlr.gg/team/1120/edward-gaming","2026-08-20T12:00:00.000Z","approved"
"nobody","Wang Senxu (王森旭)|Wang Senxu|王森旭","CN","east_asia","china","initiator","EDward Gaming","active","true","false","true","true","1","0","4","2026-08-20","https://www.vlr.gg/team/1120/edward-gaming","2026-08-20T12:00:00.000Z","approved"
"CHICHOO","Wan Shunzhi (万顺治)|chichoo|Wan Shunzhi|万顺治","CN","east_asia","china","sentinel","EDward Gaming","active","true","false","true","true","1","0","4","2026-08-20","https://www.vlr.gg/team/1120/edward-gaming","2026-08-20T12:00:00.000Z","approved"
"Smoggy","Zhang Zhao (张钊)|Zhang Zhao|张钊","CN","east_asia","china","flex","EDward Gaming","active","true","false","true","true","1","0","4","2026-08-20","https://www.vlr.gg/team/1120/edward-gaming","2026-08-20T12:00:00.000Z","approved"
"Jieni7","Zhang Juntai (张君泰)|Zhang Juntai|张君泰","CN","east_asia","china","flex","EDward Gaming","active","true","false","true","true","0","0","2","2026-08-20","https://www.vlr.gg/team/1120/edward-gaming","2026-08-20T12:00:00.000Z","approved"
"zjc","Zhang Juncheng (张峻程)|Zhang Juncheng|张峻程","CN","east_asia","china","initiator","EDward Gaming","benched","true","false","true","true","0","0","0","2026-08-20","https://www.vlr.gg/team/1120/edward-gaming","2026-08-20T12:00:00.000Z","approved"
"Shr1mp","Yang Yong (杨勇)|Yang Yong|杨勇","CN","east_asia","china","initiator","All Gamers","active","true","false","false","true","0","0","0","2026-08-20","https://www.vlr.gg/team/1119/all-gamers","2026-08-20T12:00:00.000Z","approved"
"K1ra","Huang Zhihao (黄志豪)|Huang Zhihao|黄志豪","CN","east_asia","china","flex","All Gamers","active","true","false","false","true","0","0","0","2026-08-20","https://www.vlr.gg/team/1119/all-gamers","2026-08-20T12:00:00.000Z","approved"
"Bai","Zhang Zeyang (张泽洋)|Zhang Zeyang|张泽洋","CN","east_asia","china","flex","All Gamers","active","true","false","false","true","0","0","0","2026-08-20","https://www.vlr.gg/team/1119/all-gamers","2026-08-20T12:00:00.000Z","approved"
"f4ngeer","Roman Smirnov","RU","eastern_europe","china","duelist","All Gamers","active","true","false","false","true","0","0","0","2026-08-20","https://www.vlr.gg/team/1119/all-gamers","2026-08-20T12:00:00.000Z","approved"
"iamgrq","Gao Ruiqi (高锐琦)|Gao Ruiqi|高锐琦","CN","east_asia","china","controller","All Gamers","active","true","false","false","true","0","0","0","2026-08-20","https://www.vlr.gg/team/1119/all-gamers","2026-08-20T12:00:00.000Z","approved"
"AAAAY","Zhang Yang (张杨)|Zhang Yang|张杨","CN","east_asia","china","initiator","FunPlus Phoenix","active","true","false","false","true","0","0","2","2026-08-20","https://www.vlr.gg/team/11328/funplus-phoenix","2026-08-20T12:00:00.000Z","approved"
"KovaQ","Blendi Kovaci","CH","western_europe","china","initiator","FunPlus Phoenix","active","true","false","false","true","0","0","0","2026-08-20","https://www.vlr.gg/team/11328/funplus-phoenix","2026-08-20T12:00:00.000Z","approved"
"coconut","Colin Patrick Chung (钟弘祖)|Colin Patrick Chung|钟弘祖","HK","east_asia","china","flex","FunPlus Phoenix","active","true","false","false","true","0","0","1","2026-08-20","https://www.vlr.gg/team/11328/funplus-phoenix","2026-08-20T12:00:00.000Z","approved"
"Xlele","Zhao Yanbo (赵炎博)|Zhao Yanbo|赵炎博","CN","east_asia","china","initiator","FunPlus Phoenix","active","true","false","false","true","0","0","0","2026-08-20","https://www.vlr.gg/team/11328/funplus-phoenix","2026-08-20T12:00:00.000Z","approved"
"Setrod","Ou Taigeng (欧泰赓)|Ou Taigeng|欧泰赓","TW","east_asia","china","duelist","FunPlus Phoenix","active","true","false","false","true","0","0","0","2026-08-20","https://www.vlr.gg/team/11328/funplus-phoenix","2026-08-20T12:00:00.000Z","approved"
"glacier","Liang Zhekai (梁哲恺)|Liang Zhekai|梁哲恺","TW","east_asia","china","flex","Wolves Esports","active","true","false","false","true","0","0","0","2026-08-20","https://www.vlr.gg/team/13790/wolves-esports","2026-08-20T12:00:00.000Z","approved"
"yosemite","Wang Lei (王磊)|Wang Lei|王磊","CN","east_asia","china","sentinel","Wolves Esports","active","true","false","false","true","0","0","2","2026-08-20","https://www.vlr.gg/team/13790/wolves-esports","2026-08-20T12:00:00.000Z","approved"
"Spring","Liu Jiunting (刘俊霆)|Liu Jiunting|刘俊霆","TW","east_asia","china","duelist","Wolves Esports","active","true","false","false","true","0","0","0","2026-08-20","https://www.vlr.gg/team/13790/wolves-esports","2026-08-20T12:00:00.000Z","approved"
"Deryeon","Derrick Yee","SG","southeast_asia","china","duelist","Wolves Esports","active","true","false","false","true","0","0","0","2026-08-20","https://www.vlr.gg/team/13790/wolves-esports","2026-08-20T12:00:00.000Z","approved"
"aluba","Zhong Haojun (钟皓钧)|Zhong Haojun|钟皓钧","CN","east_asia","china","sentinel","Wolves Esports","active","true","false","false","true","0","0","0","2026-08-20","https://www.vlr.gg/team/13790/wolves-esports","2026-08-20T12:00:00.000Z","approved"
"jkuro","Yong Haochong (杨浩聪)|Yong Haochong|杨浩聪","CN","east_asia","china","flex","JD Gaming","active","true","false","false","true","0","0","0","2026-08-20","https://www.vlr.gg/team/13576/jd-gaming","2026-08-20T12:00:00.000Z","approved"
"zhe","Niu Zhe (牛哲)|Niu Zhe|牛哲","CN","east_asia","china","duelist","JD Gaming","active","true","false","false","true","0","0","0","2026-08-20","https://www.vlr.gg/team/13576/jd-gaming","2026-08-20T12:00:00.000Z","approved"
"Yuicaw","Huang Yung-chieh (黃湧傑)|Huang Yung-chieh|黃湧傑","TW","east_asia","china","duelist","JD Gaming","active","true","false","false","true","0","0","1","2026-08-20","https://www.vlr.gg/team/13576/jd-gaming","2026-08-20T12:00:00.000Z","approved"
"crownfisher","Li Ao (李翱)|Li Ao|李翱","CN","east_asia","china","flex","JD Gaming","active","true","false","false","true","0","0","0","2026-08-20","https://www.vlr.gg/team/13576/jd-gaming","2026-08-20T12:00:00.000Z","approved"
"BerLIN","Zhang Bolin (張柏霖)|Zhang Bolin|張柏霖","TW","east_asia","china","flex","JD Gaming","active","true","false","false","true","0","0","2","2026-08-20","https://www.vlr.gg/team/13576/jd-gaming","2026-08-20T12:00:00.000Z","approved"
"Nicc","Shao Yi-qun (邵逸群)|Shao Yiqun|邵逸群","TW","east_asia","china","initiator","Dragon Ranger Gaming","active","true","false","false","true","0","0","1","2026-08-20","https://www.vlr.gg/team/11981/dragon-ranger-gaming","2026-08-20T12:00:00.000Z","approved"
"Flex1n","Lo Rui (罗瑞)|Lo Rui|罗瑞","CN","east_asia","china","controller","Dragon Ranger Gaming","inactive","false","false","false","true","0","0","1","2026-08-20","https://www.vlr.gg/team/11981/dragon-ranger-gaming","2026-08-20T12:00:00.000Z","approved"
"Life","Qu Donghao (瞿东豪)|Qu Donghao|瞿东豪","CN","east_asia","china","duelist","Dragon Ranger Gaming","active","true","false","false","true","0","0","1","2026-08-20","https://www.vlr.gg/team/11981/dragon-ranger-gaming","2026-08-20T12:00:00.000Z","approved"
"vo0kashu","Ilya Ushakov","RU","eastern_europe","china","sentinel","Dragon Ranger Gaming","active","true","false","false","true","0","0","1","2026-08-20","https://www.vlr.gg/team/11981/dragon-ranger-gaming","2026-08-20T12:00:00.000Z","approved"
"Verse","Zhou Zijun (周子钧)|Zhou Zijun|周子钧","CN","east_asia","china","controller","Dragon Ranger Gaming","active","true","false","false","true","0","0","0","2026-08-20","https://www.vlr.gg/team/11981/dragon-ranger-gaming","2026-08-20T12:00:00.000Z","approved"
"SpiritZ1","Lin Dingyu (林定宇)|Lin Dingyu|林定宇","TW","east_asia","china","duelist","Dragon Ranger Gaming","active","true","false","false","true","0","0","1","2026-08-20","https://www.vlr.gg/team/11981/dragon-ranger-gaming","2026-08-20T12:00:00.000Z","approved"
"LuoK1ng","Zhang Zhanpeng (张展鹏)|Zhang Zhanpeng|张展鹏","CN","east_asia","china","controller","Trace Esports","active","true","false","false","true","0","0","1","2026-08-20","https://www.vlr.gg/team/12685/trace-esports","2026-08-20T12:00:00.000Z","approved"
"Kai","Lu Zhinan (卢智楠)|Lu Zhinan|卢智楠","CN","east_asia","china","duelist","Trace Esports","active","true","false","false","true","0","0","1","2026-08-20","https://www.vlr.gg/team/12685/trace-esports","2026-08-20T12:00:00.000Z","approved"
"FengF","Song Xuefeng (宋学锋)|Song Xuefeng|宋学锋","CN","east_asia","china","flex","Trace Esports","active","true","false","false","true","0","0","1","2026-08-20","https://www.vlr.gg/team/12685/trace-esports","2026-08-20T12:00:00.000Z","approved"
"FKEY","Ke Chen","CN","east_asia","china","flex","Trace Esports","active","true","false","false","true","0","0","0","2026-08-20","https://www.vlr.gg/team/12685/trace-esports","2026-08-20T12:00:00.000Z","approved"
"deLb","Delbert Tanoto","ID","southeast_asia","china","duelist","Trace Esports","active","true","false","false","true","0","0","0","2026-08-20","https://www.vlr.gg/team/12685/trace-esports","2026-08-20T12:00:00.000Z","approved"
"Haodong","Guo Haodong (郭浩东)|Guo Haodong|郭浩东","CN","east_asia","china","controller","Titan Esports Club","active","true","false","false","true","0","0","2","2026-08-20","https://www.vlr.gg/team/14137/titan-esports-club","2026-08-20T12:00:00.000Z","approved"
"lucas","Yunkun Lu (路昀昆)|Yunkun Lu|路昀昆","CN","east_asia","china","initiator","Titan Esports Club","active","true","false","false","true","0","0","0","2026-08-20","https://www.vlr.gg/team/14137/titan-esports-club","2026-08-20T12:00:00.000Z","approved"
"Spitfires","Xin Mingyan (辛明阳)|Xin Mingyan|辛明阳","CN","east_asia","china","duelist","Titan Esports Club","benched","true","false","false","true","0","0","0","2026-08-20","https://www.vlr.gg/team/14137/titan-esports-club","2026-08-20T12:00:00.000Z","approved"
"Dynamite","Zhao Zihao (赵梓浩)|Zhao Zihao|赵梓浩","CN","east_asia","china","duelist","Titan Esports Club","active","true","false","false","true","0","0","0","2026-08-20","https://www.vlr.gg/team/14137/titan-esports-club","2026-08-20T12:00:00.000Z","approved"
"ra1ny","Chen Baohuan (陈葆桓)|Chen Baohuan|陈葆桓","CN","east_asia","china","duelist","Titan Esports Club","active","true","false","false","true","0","0","0","2026-08-20","https://www.vlr.gg/team/14137/titan-esports-club","2026-08-20T12:00:00.000Z","approved"
"Coco","Ding Dajian (丁达建)|Ding Dajian|丁达建","CN","east_asia","china","flex","Titan Esports Club","active","true","false","false","true","0","0","0","2026-08-20","https://www.vlr.gg/team/14137/titan-esports-club","2026-08-20T12:00:00.000Z","approved"
"Akeman","Zhang Haoran|张浩然","CN","east_asia","china","duelist","KeepBest Gaming","transferred","false","false","false","true","0","0","1","2026-08-03","https://www.vlr.gg/player/52904/akeman/","2026-08-03T00:00:00.000Z","approved"
"sibeastw0w","Anton Govorukhin","RU","eastern_europe","china","duelist","KeepBest Gaming","transferred","false","false","false","true","0","0","0","2026-08-03","https://www.vlr.gg/player/6126/sibeastw0w/","2026-08-03T00:00:00.000Z","approved"
"Tonk","tonk","CN","east_asia","china","flex","KeepBest Gaming","transferred","false","false","false","true","0","0","0","2026-08-03","https://www.vlr.gg/player/58008/tonk/","2026-08-03T00:00:00.000Z","approved"
"Ying","Wang Chenxu|王晨旭","CN","east_asia","china","flex","KeepBest Gaming","transferred","false","false","false","true","0","0","0","2026-08-03","https://www.vlr.gg/player/51250/ying/","2026-08-03T00:00:00.000Z","approved"
"Krst1Ng","krst1ng","CN","east_asia","china","controller","KeepBest Gaming","transferred","false","false","false","true","0","0","0","2026-08-03","https://www.vlr.gg/player/58009/krst1ng/","2026-08-03T00:00:00.000Z","approved"
"vora","Jordan Pulwer","CA","north_america","americas","initiator","100 Thieves","transferred","false","false","true","false","0","0","0","2026-08-03","https://www.vlr.gg/player/20140/vora/","2026-08-03T00:00:00.000Z","approved"
"Cryocells","Matthew Panganiban","US","north_america","americas","duelist","100 Thieves","transferred","false","false","true","false","0","0","1","2026-08-03","https://www.vlr.gg/player/4147/cryocells/","2026-08-03T00:00:00.000Z","approved"
"Asuna","Peter Mazuryk","US","north_america","americas","duelist","100 Thieves","transferred","false","false","true","false","0","0","1","2026-08-03","https://www.vlr.gg/player/601/asuna/","2026-08-03T00:00:00.000Z","approved"
"Timotino","Timothée Lavigne Dupont","CA","north_america","americas","duelist","100 Thieves","transferred","false","false","true","false","0","0","0","2026-08-03","https://www.vlr.gg/player/29893/timotino/","2026-08-03T00:00:00.000Z","approved"
"bang","Sean Bezerra","US","north_america","americas","controller","100 Thieves","transferred","false","false","true","false","0","0","2","2026-08-03","https://www.vlr.gg/player/3880/bang/","2026-08-03T00:00:00.000Z","approved"
"Ethan","Ethan Arnold","US","north_america","americas","initiator","NRG","transferred","false","false","true","false","0","0","2","2026-08-03","https://www.vlr.gg/player/11225/ethan/","2026-08-03T00:00:00.000Z","approved"
"keiko","Georgio Sanassy","GB","western_europe","americas","flex","NRG","transferred","false","false","true","false","0","0","1","2026-08-03","https://www.vlr.gg/player/11494/keiko/","2026-08-03T00:00:00.000Z","approved"
"brawk","Brock Somerhalder","US","north_america","americas","initiator","NRG","transferred","false","false","true","false","0","0","1","2026-08-03","https://www.vlr.gg/player/2172/brawk/","2026-08-03T00:00:00.000Z","approved"
"mada","Adam Pampuch","CA","north_america","americas","duelist","NRG","transferred","false","false","true","false","0","0","1","2026-08-03","https://www.vlr.gg/player/5132/mada/","2026-08-03T00:00:00.000Z","approved"
"skuba","Logan Jenkins","US","north_america","americas","controller","NRG","transferred","false","false","true","false","0","0","1","2026-08-03","https://www.vlr.gg/player/11118/skuba/","2026-08-03T00:00:00.000Z","approved"
"kiNgg","Francisco Aravena","CL","south_america","americas","flex","LEVIATÁN","transferred","false","false","true","false","0","0","2","2026-08-03","https://www.vlr.gg/player/8549/kingg/","2026-08-03T00:00:00.000Z","approved"
"spike","Rodrigo Lombardi","BR","south_america","americas","initiator","LEVIATÁN","transferred","false","false","true","false","0","0","0","2026-08-03","https://www.vlr.gg/player/21661/spike/","2026-08-03T00:00:00.000Z","approved"
"blowz","Guilherme Oliviera","BR","south_america","americas","initiator","LEVIATÁN","transferred","false","false","true","false","0","0","0","2026-08-03","https://www.vlr.gg/player/21251/blowz/","2026-08-03T00:00:00.000Z","approved"
"Neon","Bruno Rodríguez","AR","south_america","americas","duelist","LEVIATÁN","transferred","false","false","true","false","0","0","0","2026-08-03","https://www.vlr.gg/player/29243/neon/","2026-08-03T00:00:00.000Z","approved"
"Sato","Eduardo Kenzo Nagahama Sato","BR","south_america","americas","duelist","LEVIATÁN","transferred","false","false","true","false","0","0","0","2026-08-03","https://www.vlr.gg/player/21659/sato/","2026-08-03T00:00:00.000Z","approved"
"Crewen","Ali Eren Sargin","TR","middle_east","emea","sentinel","BBL Esports","active","true","false","true","false","0","0","0","2026-08-20","https://www.vlr.gg/team/397/bbl-esports","2026-08-20T12:00:00.000Z","approved"
"Lar0k","Yusuf Kaan Kanber","TR","middle_east","emea","initiator","BBL Esports","active","true","false","true","false","0","0","0","2026-08-20","https://www.vlr.gg/team/397/bbl-esports","2026-08-20T12:00:00.000Z","approved"
"Loita","Utku Kart","TR","middle_east","emea","controller","BBL Esports","active","true","false","true","false","0","0","0","2026-08-20","https://www.vlr.gg/team/397/bbl-esports","2026-08-20T12:00:00.000Z","approved"
"lovers rock","Umut Pekdoğan","TR","middle_east","emea","duelist","BBL Esports","active","true","false","true","false","0","0","0","2026-08-20","https://www.vlr.gg/team/397/bbl-esports","2026-08-20T12:00:00.000Z","approved"
"Boaster","Jake Howlett|boaster","GB","western_europe","emea","controller","FNATIC","active","true","false","true","false","0","1","5","2026-08-20","https://www.vlr.gg/team/2593/fnatic","2026-08-20T12:00:00.000Z","approved"
"Derke","Nikita Niko Sirmitev|derke|Nikita Sirmitev","FI","northern_europe","emea","duelist","Team Vitality","active","true","false","true","false","0","1","4","2026-08-20","https://www.vlr.gg/team/2059/team-vitality","2026-08-20T12:00:00.000Z","approved"
"Alfajer","Emir Ali Beder|alfajer|Emir Beder","TR","middle_east","emea","sentinel","FNATIC","active","true","false","true","false","0","1","4","2026-08-20","https://www.vlr.gg/team/2593/fnatic","2026-08-20T12:00:00.000Z","approved"
"cNed","cned|Mehmet Yagiz Ipek","TR","middle_east","emea","duelist","Natus Vincere","transferred","false","false","true","false","1","0","3","2026-08-03","https://www.vlr.gg/player/573/cned/","2026-08-03T00:00:00.000Z","approved"
"yay","yay|Jacob Whiteaker","US","north_america","americas","duelist","bleed eSports","retired","false","false","true","false","0","1","2","2026-08-03","https://www.vlr.gg/player/881/yay/","2026-08-03T00:00:00.000Z","approved"
"Less","Felipe de Loyola Basso|less|Felipe Basso","BR","south_america","americas","sentinel","KRÜ Esports","active","true","false","true","false","1","0","2","2026-08-20","https://www.vlr.gg/team/2355/kr-esports","2026-08-20T12:00:00.000Z","approved"
"saadhak","Matias Delipetro","AR","south_america","americas","initiator","KRÜ Esports","active","true","false","true","false","1","0","3","2026-08-20","https://www.vlr.gg/team/2355/kr-esports","2026-08-20T12:00:00.000Z","approved"
"Mazino","Roberto Rivas|mazino|Roberto Bugueño","CL","south_america","americas","controller","MIBR","active","true","false","true","false","0","0","3","2026-08-20","https://www.vlr.gg/team/7386/mibr","2026-08-20T12:00:00.000Z","approved"
"zekken","Zachary Patrone","US","north_america","americas","duelist","MIBR","active","true","false","true","false","0","1","2","2026-08-20","https://www.vlr.gg/team/7386/mibr","2026-08-20T12:00:00.000Z","approved"
"johnqt","Mohamed Amine Ouarid|Mohammed Amine Ouarid","MA","north_africa","americas","controller","Sentinels","active","true","false","true","false","1","0","2","2026-08-20","https://www.vlr.gg/team/2/sentinels","2026-08-20T12:00:00.000Z","approved"
"t3xture","t3xture|Kim Na-ra","KR","east_asia","pacific","duelist","Gen.G","transferred","false","false","true","false","0","1","1","2026-08-03","https://www.vlr.gg/player/9196/t3xture/","2026-08-03T00:00:00.000Z","approved"
"Meteor","Kim Tae-oh (김태오)|meteor|Kim Tae-o","KR","east_asia","pacific","sentinel","T1","active","true","false","true","false","0","1","2","2026-08-20","https://www.vlr.gg/team/14/t1","2026-08-20T12:00:00.000Z","approved"
"something","something|Ilya Petrov","RU","eastern_europe","pacific","duelist","Paper Rex","transferred","false","false","true","false","0","0","3","2026-08-03","https://www.vlr.gg/player/17086/something/","2026-08-03T00:00:00.000Z","approved"
"Jinggg","jinggg|Wang Jing Jie","SG","southeast_asia","pacific","duelist","Paper Rex","transferred","false","false","true","false","1","0","3","2026-08-03","https://www.vlr.gg/player/7378/jinggg/","2026-08-03T00:00:00.000Z","approved"
"f0rsakeN","forsaken|Jason Susanto","ID","southeast_asia","pacific","flex","Paper Rex","transferred","false","false","true","false","1","0","3","2026-08-03","https://www.vlr.gg/player/9801/f0rsaken/","2026-08-03T00:00:00.000Z","approved"
"MaKo","Kim Myeong-gwan (김명관)|Mako|mako|Kim Myeong-kwan","KR","east_asia","pacific","controller","Kiwoom DRX","active","true","false","true","false","0","0","5","2026-08-20","https://www.vlr.gg/team/8185/kiwoom-drx","2026-08-20T12:00:00.000Z","approved"
"stax","Kim Gu-taek (김구택)|Kim Gu-taek","KR","east_asia","pacific","initiator","T1","active","true","false","true","false","1","1","4","2026-08-20","https://www.vlr.gg/team/14/t1","2026-08-20T12:00:00.000Z","approved"
"leaf","Nathan Orf","US","north_america","americas","duelist","G2 Esports","active","true","false","true","false","0","0","3","2026-08-20","https://www.vlr.gg/team/11058/g2-esports","2026-08-20T12:00:00.000Z","approved"
"crashies","Austin Roberts","US","north_america","emea","initiator","FNATIC","active","true","false","true","false","0","1","4","2026-08-20","https://www.vlr.gg/team/2593/fnatic","2026-08-20T12:00:00.000Z","approved"
"FNS","fns|Pujan Mehta","CA","north_america","americas","controller","NRG","retired","false","false","true","false","0","1","3","2026-08-03","https://www.vlr.gg/player/817/fns/","2026-08-03T00:00:00.000Z","approved"
"nAts","Ayaz Akhmetshin|nats","RU","eastern_europe","emea","sentinel","Team Liquid","active","true","false","true","false","0","1","4","2026-08-20","https://www.vlr.gg/team/474/team-liquid","2026-08-20T12:00:00.000Z","approved"
"Boo","boo|Ričardas Lukaševičius","LT","eastern_europe","emea","controller","Team Heretics","transferred","false","false","true","false","0","0","2","2026-08-03","https://www.vlr.gg/player/1144/boo/","2026-08-03T00:00:00.000Z","approved"
"koshmaras","koshmaras|Martynas Namikas","LT","eastern_europe","emea","flex","Team Heretics","transferred","false","false","true","false","0","0","0","2026-08-03","https://www.vlr.gg/player/23365/koshmaras/","2026-08-03T00:00:00.000Z","approved"
"Wo0t","wo0t|Mert Alkan","TR","middle_east","emea","duelist","Team Heretics","transferred","false","false","true","false","0","0","2","2026-08-03","https://www.vlr.gg/player/21328/wo0t/","2026-08-03T00:00:00.000Z","approved"
"RieNs","riens|Enes Ecirli","TR","middle_east","emea","initiator","Team Heretics","transferred","false","false","true","false","0","0","2","2026-08-03","https://www.vlr.gg/player/10971/riens/","2026-08-03T00:00:00.000Z","approved"
"benjyfishy","Benjyfishy|Benjamin David Fish","GB","western_europe","emea","sentinel","Team Heretics","transferred","false","false","true","false","0","0","2","2026-08-03","https://www.vlr.gg/player/29873/benjyfishy/","2026-08-03T00:00:00.000Z","approved"
"invy","Adrian Jiggs Reyes","PH","southeast_asia","pacific","initiator","Paper Rex","transferred","false","false","true","false","0","0","0","2026-08-03","https://www.vlr.gg/player/8504/invy/","2026-08-03T00:00:00.000Z","approved"
"d4v41","d4v41|Khalish Rusyaidee","MY","southeast_asia","pacific","flex","Paper Rex","transferred","false","false","true","false","1","0","3","2026-08-03","https://www.vlr.gg/player/9803/d4v41/","2026-08-03T00:00:00.000Z","approved"
"Ash","ash|Ha Hyun-cheol","KR","east_asia","pacific","duelist","Gen.G","transferred","false","false","true","false","0","0","0","2026-08-03","https://www.vlr.gg/player/25017/ash/","2026-08-03T00:00:00.000Z","approved"
"Karon","karon|Kim Won-tae","KR","east_asia","pacific","controller","Gen.G","transferred","false","false","true","false","0","1","1","2026-08-03","https://www.vlr.gg/player/34974/karon/","2026-08-03T00:00:00.000Z","approved"
"Efina","efina|Kim Nak-yeon","KR","east_asia","pacific","sentinel","Gen.G","transferred","false","false","true","false","0","0","0","2026-08-03","https://www.vlr.gg/player/985/efina/","2026-08-03T00:00:00.000Z","approved"
"Raxcal","raxcal|Kim Min-seok","KR","east_asia","pacific","duelist","Gen.G","transferred","false","false","true","false","0","0","0","2026-08-03","https://www.vlr.gg/player/48925/raxcal/","2026-08-03T00:00:00.000Z","approved"
"Xiesta","Jung Si-hwan (정시환)|xiesta|Jung Si-hwan","KR","east_asia","pacific","duelist","Onside Gaming","active","true","false","true","false","0","0","0","2026-08-20","https://www.vlr.gg/team/19189/onside-gaming","2026-08-20T12:00:00.000Z","approved"
"ZynX","zynx|Kim Dong-ha","KR","east_asia","pacific","sentinel","Gen.G","transferred","false","false","true","false","0","0","0","2026-08-03","https://www.vlr.gg/player/51099/zynx/","2026-08-03T00:00:00.000Z","approved"
"crazyguy","Ngô Công Anh|Crazyguy","VN","southeast_asia","pacific","flex","Rex Regum Qeon","active","true","false","true","false","0","0","1","2026-08-20","https://www.vlr.gg/team/878/rex-regum-qeon","2026-08-20T12:00:00.000Z","approved"
"Monyet","Cahya Nugraha|monyet","ID","southeast_asia","pacific","flex","Rex Regum Qeon","active","true","false","true","false","0","0","1","2026-08-20","https://www.vlr.gg/team/878/rex-regum-qeon","2026-08-20T12:00:00.000Z","approved"
"xffero","David Monangin|Xffero","ID","southeast_asia","pacific","controller","Rex Regum Qeon","active","true","false","true","false","0","0","1","2026-08-20","https://www.vlr.gg/team/878/rex-regum-qeon","2026-08-20T12:00:00.000Z","approved"
"Xan","Xan Ng|xan","MY","southeast_asia","pacific","duelist","Rex Regum Qeon","active","true","false","true","false","0","0","0","2026-08-20","https://www.vlr.gg/team/878/rex-regum-qeon","2026-08-20T12:00:00.000Z","approved"
"Jemkin","Maksim Batorov|jemkin","RU","eastern_europe","pacific","duelist","Rex Regum Qeon","active","true","false","true","false","0","0","1","2026-08-20","https://www.vlr.gg/team/878/rex-regum-qeon","2026-08-20T12:00:00.000Z","approved"
"Kushy","Bryan Carlos Setiawan|kushy","ID","southeast_asia","pacific","initiator","Rex Regum Qeon","active","true","false","true","false","0","0","1","2026-08-20","https://www.vlr.gg/team/878/rex-regum-qeon","2026-08-20T12:00:00.000Z","approved"
"Jamppi","Elias Olkkonen|jamppi","FI","northern_europe","emea","flex","Team Vitality","active","true","false","true","false","0","0","1","2026-08-20","https://www.vlr.gg/team/2059/team-vitality","2026-08-20T12:00:00.000Z","approved"
"PROFEK","Dawid Święć|profek","PL","eastern_europe","emea","controller","Team Vitality","active","true","false","true","false","0","0","0","2026-08-20","https://www.vlr.gg/team/2059/team-vitality","2026-08-20T12:00:00.000Z","approved"
"Sayonara","Ștefan Mîtcu|sayonara","MD","eastern_europe","emea","flex","Team Vitality","active","true","false","true","false","0","0","0","2026-08-20","https://www.vlr.gg/team/2059/team-vitality","2026-08-20T12:00:00.000Z","approved"
"Rosé","Eren Erzan|rose","TR","middle_east","emea","initiator","BBL Esports","active","true","false","true","false","0","0","0","2026-08-20","https://www.vlr.gg/team/397/bbl-esports","2026-08-20T12:00:00.000Z","approved"
"FireBallOps","Cameron Tomaselli|fireballops","US","north_america","americas","sentinel","Cloud9","active","true","false","false","false","0","0","0","2026-08-20","https://www.vlr.gg/team/188/cloud9","2026-08-20T12:00:00.000Z","approved"
"OXY","Francis Hoang|oxy","US","north_america","americas","duelist","Cloud9","active","true","false","false","false","0","0","0","2026-08-20","https://www.vlr.gg/team/188/cloud9","2026-08-20T12:00:00.000Z","approved"
"Jackk","Jack Foote|jackk","US","north_america","americas","initiator","Cloud9","active","true","false","false","false","0","0","0","2026-08-20","https://www.vlr.gg/team/188/cloud9","2026-08-20T12:00:00.000Z","approved"
"supamen","Phat Le","US","north_america","americas","controller","Evil Geniuses","active","true","false","false","false","0","0","0","2026-08-20","https://www.vlr.gg/team/5248/evil-geniuses","2026-08-20T12:00:00.000Z","approved"
"Zellsis","Jordan Montemurro|zellsis","US","north_america","americas","flex","Cloud9","active","true","false","false","false","0","0","2","2026-08-20","https://www.vlr.gg/team/188/cloud9","2026-08-20T12:00:00.000Z","approved"
"v1c","Victor Truong","US","north_america","americas","controller","Cloud9","active","true","false","false","false","0","0","0","2026-08-20","https://www.vlr.gg/team/188/cloud9","2026-08-20T12:00:00.000Z","approved"
"Paincakes","Jake Hass|paincakes","US","north_america","americas","flex","Evil Geniuses","active","true","false","false","false","0","0","0","2026-08-20","https://www.vlr.gg/team/5248/evil-geniuses","2026-08-20T12:00:00.000Z","approved"
"dgzin","Douglas Silva","BR","south_america","americas","duelist","Evil Geniuses","active","true","false","false","false","0","0","0","2026-08-20","https://www.vlr.gg/team/5248/evil-geniuses","2026-08-20T12:00:00.000Z","approved"
"zerona","Javan Varela","US","north_america","americas","initiator","Evil Geniuses","active","true","false","false","false","0","0","0","2026-08-20","https://www.vlr.gg/team/5248/evil-geniuses","2026-08-20T12:00:00.000Z","approved"
"bao","Bao Nguyen","VN","southeast_asia","americas","controller","Evil Geniuses","active","true","false","false","false","0","0","0","2026-08-20","https://www.vlr.gg/team/5248/evil-geniuses","2026-08-20T12:00:00.000Z","approved"
"C0M","Corbin Lee|c0m","US","north_america","americas","flex","FURIA","active","true","false","false","false","0","0","2","2026-08-20","https://www.vlr.gg/team/2406/furia","2026-08-20T12:00:00.000Z","approved"
"eeiu","Daniel Vucenovic","CA","north_america","americas","initiator","FURIA","inactive","false","false","false","false","0","0","0","2026-08-20","https://www.vlr.gg/team/2406/furia","2026-08-20T12:00:00.000Z","approved"
"koalanoob","Gianfranco Potestio","CA","north_america","americas","flex","FURIA","active","true","false","false","false","0","0","0","2026-08-20","https://www.vlr.gg/team/2406/furia","2026-08-20T12:00:00.000Z","approved"
"artzin","Arthur Araujo","BR","south_america","americas","duelist","FURIA","active","true","false","false","false","0","0","1","2026-08-20","https://www.vlr.gg/team/2406/furia","2026-08-20T12:00:00.000Z","approved"
"Shyy","Fabian Usnayo|shyy","CL","south_america","americas","sentinel","FURIA","active","true","false","false","false","0","0","1","2026-08-20","https://www.vlr.gg/team/2406/furia","2026-08-20T12:00:00.000Z","approved"
"basic","Luis Henrique Ferlin Tessaro","BR","south_america","americas","initiator","FURIA","active","true","false","false","false","0","0","0","2026-08-20","https://www.vlr.gg/team/2406/furia","2026-08-20T12:00:00.000Z","approved"
"mwzera","Leonardo Serrati","BR","south_america","americas","duelist","KRÜ Esports","active","true","false","false","false","0","0","1","2026-08-20","https://www.vlr.gg/team/2355/kr-esports","2026-08-20T12:00:00.000Z","approved"
"heat","Olavo Marcelo","BR","south_america","americas","flex","KRÜ Esports","active","true","false","false","false","0","0","2","2026-08-20","https://www.vlr.gg/team/2355/kr-esports","2026-08-20T12:00:00.000Z","approved"
"Dantedeu5","Jesús Federico Larrosa|dantedeu5","AR","south_america","americas","duelist","KRÜ Esports","active","true","false","false","false","0","0","0","2026-08-20","https://www.vlr.gg/team/2355/kr-esports","2026-08-20T12:00:00.000Z","approved"
"Darker","darker|Sebastián Castro Cicuamia","CO","south_america","americas","initiator","LOUD","transferred","false","false","false","false","0","0","0","2026-08-03","https://www.vlr.gg/player/10557/darker/","2026-08-03T00:00:00.000Z","approved"
"DaviH","davih|David Cruz","PT","southern_europe","americas","initiator","LOUD","transferred","false","false","false","false","0","0","0","2026-08-03","https://www.vlr.gg/player/10885/davih/","2026-08-03T00:00:00.000Z","approved"
"lukxo","lukxo|Lucca Travaioli","BR","south_america","americas","controller","LOUD","transferred","false","false","false","false","0","0","0","2026-08-03","https://www.vlr.gg/player/28716/lukxo/","2026-08-03T00:00:00.000Z","approved"
"erde","erde|Roberto Lobos","CL","south_america","americas","controller","LOUD","transferred","false","false","false","false","0","0","0","2026-08-03","https://www.vlr.gg/player/29242/erde/","2026-08-03T00:00:00.000Z","approved"
"tkzin","tkzin|Enzo Zimiani","BR","south_america","americas","duelist","LOUD","transferred","false","false","false","false","0","0","0","2026-08-03","https://www.vlr.gg/player/41224/tkzin/","2026-08-03T00:00:00.000Z","approved"
"tex","Ian Botsch","DE","western_europe","americas","duelist","MIBR","active","true","false","false","false","0","0","1","2026-08-20","https://www.vlr.gg/team/7386/mibr","2026-08-20T12:00:00.000Z","approved"
"Verno","Andrew Maust|verno","US","north_america","americas","initiator","MIBR","active","true","false","false","false","0","0","1","2026-08-20","https://www.vlr.gg/team/7386/mibr","2026-08-20T12:00:00.000Z","approved"
"Marved","Jimmy Nguyen|marved","CA","north_america","americas","controller","Sentinels","active","true","false","false","false","0","0","2","2026-08-20","https://www.vlr.gg/team/2/sentinels","2026-08-20T12:00:00.000Z","approved"
"JonahP","Jonah Pulice|jonahp","CA","north_america","americas","initiator","Sentinels","active","true","false","false","false","0","0","2","2026-08-20","https://www.vlr.gg/team/2/sentinels","2026-08-20T12:00:00.000Z","approved"
"cortezia","Gabriel Cortez","BR","south_america","americas","controller","Sentinels","active","true","false","false","false","0","0","1","2026-08-20","https://www.vlr.gg/team/2/sentinels","2026-08-20T12:00:00.000Z","approved"
"Reduxx","Yassin Aboulalazm|reduxx","US","north_america","americas","duelist","Sentinels","active","true","false","false","false","0","0","0","2026-08-20","https://www.vlr.gg/team/2/sentinels","2026-08-20T12:00:00.000Z","approved"
"Jerrwin","Gurjiwan Gill|jerrwin","IN","south_asia","americas","duelist","Sentinels","active","true","false","false","false","0","0","0","2026-08-20","https://www.vlr.gg/team/2/sentinels","2026-08-20T12:00:00.000Z","approved"
"BABYBAY","Andrej Francisty|babybay","US","north_america","americas","flex","G2 Esports","active","true","false","false","false","0","0","0","2026-08-20","https://www.vlr.gg/team/11058/g2-esports","2026-08-20T12:00:00.000Z","approved"
"valyn","Jacob Batio","US","north_america","americas","controller","G2 Esports","active","true","false","false","false","0","0","2","2026-08-20","https://www.vlr.gg/team/11058/g2-esports","2026-08-20T12:00:00.000Z","approved"
"trent","Trent Cairns","US","north_america","americas","initiator","G2 Esports","active","true","false","false","false","0","0","2","2026-08-20","https://www.vlr.gg/team/11058/g2-esports","2026-08-20T12:00:00.000Z","approved"
"Rossy","Daniel Abedrabbo|rossy","US","north_america","americas","controller","ENVY","active","true","false","false","false","0","0","0","2026-08-20","https://www.vlr.gg/team/427/envy","2026-08-20T12:00:00.000Z","approved"
"keznit","Angelo Mori","CL","south_america","americas","duelist","ENVY","active","true","false","false","false","0","0","4","2026-08-20","https://www.vlr.gg/team/427/envy","2026-08-20T12:00:00.000Z","approved"
"GLYPH","Conner Garcia|glyph","PH","southeast_asia","americas","controller","ENVY","active","true","false","false","false","0","0","0","2026-08-20","https://www.vlr.gg/team/427/envy","2026-08-20T12:00:00.000Z","approved"
"nightz","Christian Smith","US","north_america","americas","flex","ENVY","active","true","false","false","false","0","0","0","2026-08-20","https://www.vlr.gg/team/427/envy","2026-08-20T12:00:00.000Z","approved"
"sociablEE","Volkan Yonal|sociablee","TR","middle_east","emea","duelist","FUT Esports","active","true","false","false","false","0","0","0","2026-08-20","https://www.vlr.gg/team/1184/fut-esports","2026-08-20T12:00:00.000Z","approved"
"yetujey","Eray Budak","TR","middle_east","emea","sentinel","FUT Esports","active","true","false","false","false","0","0","1","2026-08-20","https://www.vlr.gg/team/1184/fut-esports","2026-08-20T12:00:00.000Z","approved"
"xeus","Doğan Gözgen","TR","middle_east","emea","duelist","FUT Esports","active","true","false","false","false","0","0","0","2026-08-20","https://www.vlr.gg/team/1184/fut-esports","2026-08-20T12:00:00.000Z","approved"
"KROSTALY","Okan Alaçam|krostaly","TR","middle_east","emea","initiator","FUT Esports","active","true","false","false","false","0","0","0","2026-08-20","https://www.vlr.gg/team/1184/fut-esports","2026-08-20T12:00:00.000Z","approved"
"s0pp","Efe Tur","TR","middle_east","emea","duelist","FUT Esports","active","true","false","false","false","0","0","0","2026-08-20","https://www.vlr.gg/team/1184/fut-esports","2026-08-20T12:00:00.000Z","approved"
"starxo","starxo|Patryk Kopczynski","PL","eastern_europe","emea","initiator","Gentle Mates","transferred","false","false","false","false","0","0","1","2026-08-03","https://www.vlr.gg/player/565/starxo/","2026-08-03T00:00:00.000Z","approved"
"marteen","marteen|Martin Pátek","CZ","eastern_europe","emea","duelist","Gentle Mates","transferred","false","false","false","false","0","0","0","2026-08-03","https://www.vlr.gg/player/10307/marteen/","2026-08-03T00:00:00.000Z","approved"
"bipo","bipo|Taranvir Singh","IT","southern_europe","emea","duelist","Gentle Mates","transferred","false","false","false","false","0","0","0","2026-08-03","https://www.vlr.gg/player/18400/bipo/","2026-08-03T00:00:00.000Z","approved"
"Minny","minny|Patrik Hušek","CZ","eastern_europe","emea","sentinel","Gentle Mates","transferred","false","false","false","false","0","0","0","2026-08-03","https://www.vlr.gg/player/23169/minny/","2026-08-03T00:00:00.000Z","approved"
"Proxh","proxh|Yusuf Emre Tunc","TR","middle_east","emea","controller","Gentle Mates","transferred","false","false","false","false","0","0","0","2026-08-03","https://www.vlr.gg/player/45494/proxh/","2026-08-03T00:00:00.000Z","approved"
"CyvOph","cyvoph|Clement Millard","FR","western_europe","emea","flex","Natus Vincere","transferred","false","false","false","false","0","0","0","2026-08-03","https://www.vlr.gg/player/13258/cyvoph/","2026-08-03T00:00:00.000Z","approved"
"chloric","chloric|Caide Heaton","US","north_america","emea","initiator","Natus Vincere","transferred","false","false","false","false","0","0","0","2026-08-03","https://www.vlr.gg/player/15639/chloric/","2026-08-03T00:00:00.000Z","approved"
"Ruxic","ruxic|Uğur Güç","TR","middle_east","emea","controller","Natus Vincere","transferred","false","false","false","false","0","0","0","2026-08-03","https://www.vlr.gg/player/18677/ruxic/","2026-08-03T00:00:00.000Z","approved"
"hiro","hiro|Emirhan Kat","TR","middle_east","emea","flex","Natus Vincere","transferred","false","false","false","false","0","0","1","2026-08-03","https://www.vlr.gg/player/29867/hiro/","2026-08-03T00:00:00.000Z","approved"
"al0rante","al0rante|Felix Brandl","DE","western_europe","emea","flex","PCIFIC Esports","transferred","false","false","false","false","0","0","0","2026-08-03","https://www.vlr.gg/player/5292/al0rante/","2026-08-03T00:00:00.000Z","approved"
"qpert","qpert|Mateja Mijovic","RS","southern_europe","emea","controller","PCIFIC Esports","transferred","false","false","false","false","0","0","0","2026-08-03","https://www.vlr.gg/player/7105/qpert/","2026-08-03T00:00:00.000Z","approved"
"waddle","waddle|Wadir Taraki","GB","western_europe","emea","initiator","PCIFIC Esports","transferred","false","false","false","false","0","0","0","2026-08-03","https://www.vlr.gg/player/8226/waddle/","2026-08-03T00:00:00.000Z","approved"
"seven","seven|Johann Hernandez","MX","north_america","emea","flex","PCIFIC Esports","transferred","false","false","false","false","0","0","0","2026-08-03","https://www.vlr.gg/player/8376/seven/","2026-08-03T00:00:00.000Z","approved"
"NINJA","ninja|Patryk Koczyba","PL","eastern_europe","emea","flex","PCIFIC Esports","transferred","false","false","false","false","0","0","0","2026-08-03","https://www.vlr.gg/player/28948/ninja/","2026-08-03T00:00:00.000Z","approved"
"nekky","Anıl Dağdeviren","TR","middle_east","emea","initiator","ULF Esports","active","true","false","false","false","0","0","0","2026-08-20","https://www.vlr.gg/team/18019/ulf-esports","2026-08-20T12:00:00.000Z","approved"
"audaz","Soner Ekiz","TR","middle_east","emea","controller","ULF Esports","active","true","false","false","false","0","0","0","2026-08-20","https://www.vlr.gg/team/18019/ulf-esports","2026-08-20T12:00:00.000Z","approved"
"Spear","spear|Arda Burak Kartal","TR","middle_east","emea","flex","Eternal Fire","transferred","false","false","false","false","0","0","0","2026-08-03","https://www.vlr.gg/player/41718/spear/","2026-08-03T00:00:00.000Z","approved"
"Favian","Enes Yiğiter|favian","TR","middle_east","emea","flex","ULF Esports","active","true","false","false","false","0","0","0","2026-08-20","https://www.vlr.gg/team/18019/ulf-esports","2026-08-20T12:00:00.000Z","approved"
"echo","Ömür Serkan Şenol","TR","middle_east","emea","sentinel","ULF Esports","active","true","false","false","false","0","0","0","2026-08-20","https://www.vlr.gg/team/18019/ulf-esports","2026-08-20T12:00:00.000Z","approved"
"Cloud","Kirill Nehozhin|cloud","RU","eastern_europe","emea","initiator","FNATIC","active","true","false","false","false","0","0","1","2026-08-20","https://www.vlr.gg/team/2593/fnatic","2026-08-20T12:00:00.000Z","approved"
"kaajak","Kajetan Haremski","PL","eastern_europe","emea","duelist","FNATIC","active","true","false","false","false","0","0","1","2026-08-20","https://www.vlr.gg/team/2593/fnatic","2026-08-20T12:00:00.000Z","approved"
"Jesse","jesse|Adam Čtvrtníček","CZ","eastern_europe","emea","controller","GIANTX","transferred","false","false","false","false","0","0","0","2026-08-03","https://www.vlr.gg/player/2653/jesse/","2026-08-03T00:00:00.000Z","approved"
"neT","net|Michael Bernet","US","north_america","emea","sentinel","GIANTX","transferred","false","false","false","false","0","0","0","2026-08-03","https://www.vlr.gg/player/6582/net/","2026-08-03T00:00:00.000Z","approved"
"Flickless","flickless|Karel Maeckelbergh","BE","western_europe","emea","initiator","GIANTX","transferred","false","false","false","false","0","0","1","2026-08-03","https://www.vlr.gg/player/6959/flickless/","2026-08-03T00:00:00.000Z","approved"
"ara","ara|Hanceriuc Eduard-George","RO","eastern_europe","emea","duelist","GIANTX","transferred","false","false","false","false","0","0","1","2026-08-03","https://www.vlr.gg/player/11332/ara/","2026-08-03T00:00:00.000Z","approved"
"westside","westside|Miłosz Duda","PL","eastern_europe","emea","sentinel","GIANTX","transferred","false","false","false","false","0","0","1","2026-08-03","https://www.vlr.gg/player/34684/westside/","2026-08-03T00:00:00.000Z","approved"
"paTiTek","Patryk Fabrowski|patitek","PL","eastern_europe","emea","flex","Enterprise Esports","active","true","false","false","false","0","0","1","2026-08-20","https://www.vlr.gg/team/876/enterprise-esports","2026-08-20T12:00:00.000Z","approved"
"MAGNUM","Martin Penkov|magnum","CZ","eastern_europe","emea","sentinel","Enterprise Esports","active","true","false","false","false","0","0","1","2026-08-20","https://www.vlr.gg/team/876/enterprise-esports","2026-08-20T12:00:00.000Z","approved"
"iluri","Ilari Puranen","FI","northern_europe","emea","initiator","Enterprise Esports","active","true","false","false","false","0","0","0","2026-08-20","https://www.vlr.gg/team/876/enterprise-esports","2026-08-20T12:00:00.000Z","approved"
"Lime","Jacob Foster|lime","GB","western_europe","emea","duelist","Enterprise Esports","active","true","false","false","false","0","0","0","2026-08-20","https://www.vlr.gg/team/876/enterprise-esports","2026-08-20T12:00:00.000Z","approved"
"kozzy","Denis Stefan Aionitoaei","RO","eastern_europe","emea","duelist","Enterprise Esports","active","true","false","false","false","0","0","0","2026-08-20","https://www.vlr.gg/team/876/enterprise-esports","2026-08-20T12:00:00.000Z","approved"
"DeadInk","Utku Onur Aydin|deadink","TR","middle_east","emea","duelist","Fire Flux Esports","active","true","false","false","false","0","0","0","2026-08-20","https://www.vlr.gg/team/20085/fire-flux-esports","2026-08-20T12:00:00.000Z","approved"
"reazy","Kaan Ürpek","TR","middle_east","emea","initiator","Fire Flux Esports","active","true","false","false","false","0","0","0","2026-08-20","https://www.vlr.gg/team/20085/fire-flux-esports","2026-08-20T12:00:00.000Z","approved"
"batujnax","Mehmet Batu Özaslan","TR","middle_east","emea","initiator","Fire Flux Esports","active","true","false","false","false","0","0","0","2026-08-20","https://www.vlr.gg/team/20085/fire-flux-esports","2026-08-20T12:00:00.000Z","approved"
"hezacoil","Berkay Doğar","TR","middle_east","emea","controller","Fire Flux Esports","active","true","false","false","false","0","0","0","2026-08-20","https://www.vlr.gg/team/20085/fire-flux-esports","2026-08-20T12:00:00.000Z","approved"
"Kachoww","Samet Arıcı|kachoww","TR","middle_east","emea","duelist","Fire Flux Esports","active","true","false","false","false","0","0","0","2026-08-20","https://www.vlr.gg/team/20085/fire-flux-esports","2026-08-20T12:00:00.000Z","approved"
"chiwa","chiwa|Egor Stepanyuk","RU","eastern_europe","emea","sentinel","Joblife","transferred","false","false","false","false","0","0","0","2026-08-03","https://www.vlr.gg/player/321/chiwa/","2026-08-03T00:00:00.000Z","approved"
"doma","doma|Domagoj Fancev","HR","southern_europe","emea","flex","Joblife","transferred","false","false","false","false","0","0","2","2026-08-03","https://www.vlr.gg/player/1369/doma/","2026-08-03T00:00:00.000Z","approved"
"kamyk","kamyk|Maks Rychlewski","PL","eastern_europe","emea","controller","Joblife","transferred","false","false","false","false","0","0","0","2026-08-03","https://www.vlr.gg/player/1475/kamyk/","2026-08-03T00:00:00.000Z","approved"
"UNFAKE","unfake|Bartosz Bernacki","PL","eastern_europe","emea","initiator","Joblife","transferred","false","false","false","false","0","0","0","2026-08-03","https://www.vlr.gg/player/4521/unfake/","2026-08-03T00:00:00.000Z","approved"
"MONSTEERR","Ondřej Petrů|monsteerr","CZ","eastern_europe","emea","sentinel","Eintracht Frankfurt","active","true","false","false","false","0","0","0","2026-08-20","https://www.vlr.gg/team/14478/eintracht-frankfurt","2026-08-20T12:00:00.000Z","approved"
"musashi","Alessio Xhaferi","DE","western_europe","emea","initiator","Eintracht Frankfurt","active","true","false","false","false","0","0","0","2026-08-20","https://www.vlr.gg/team/14478/eintracht-frankfurt","2026-08-20T12:00:00.000Z","approved"
"azury","Luca Sammer","DE","western_europe","emea","flex","Eintracht Frankfurt","active","true","false","false","false","0","0","0","2026-08-20","https://www.vlr.gg/team/14478/eintracht-frankfurt","2026-08-20T12:00:00.000Z","approved"
"Fizzy","David Figueiredo|fizzy","PT","southern_europe","emea","sentinel","Eintracht Frankfurt","active","true","false","false","false","0","0","0","2026-08-20","https://www.vlr.gg/team/14478/eintracht-frankfurt","2026-08-20T12:00:00.000Z","approved"
"Jamelinho213","Ryad Bentot|jamelinho213","FR","western_europe","emea","duelist","Eintracht Frankfurt","active","true","false","false","false","0","0","0","2026-08-20","https://www.vlr.gg/team/14478/eintracht-frankfurt","2026-08-20T12:00:00.000Z","approved"
"Meiy","Ibuki Seki|meiy","JP","east_asia","pacific","duelist","DetonatioN FocusMe","active","true","false","false","false","0","0","0","2026-08-20","https://www.vlr.gg/team/278/detonation-focusme","2026-08-20T12:00:00.000Z","approved"
"Akame","Yu Gwang-hui (유광희)|akame","KR","east_asia","pacific","initiator","DetonatioN FocusMe","active","true","false","false","false","0","0","0","2026-08-20","https://www.vlr.gg/team/278/detonation-focusme","2026-08-20T12:00:00.000Z","approved"
"SSeeS","Tomonori Okimura|ssees","JP","east_asia","pacific","controller","DetonatioN FocusMe","active","true","false","false","false","0","0","0","2026-08-20","https://www.vlr.gg/team/278/detonation-focusme","2026-08-20T12:00:00.000Z","approved"
"Caedye","Amon Mateus Okakura|caedye","JP","east_asia","pacific","flex","DetonatioN FocusMe","active","true","false","false","false","0","0","0","2026-08-20","https://www.vlr.gg/team/278/detonation-focusme","2026-08-20T12:00:00.000Z","approved"
"yatsuka","Kazuya Ikeda","JP","east_asia","pacific","initiator","DetonatioN FocusMe","active","true","false","false","false","0","0","0","2026-08-20","https://www.vlr.gg/team/278/detonation-focusme","2026-08-20T12:00:00.000Z","approved"
"free1ng","No Ha-jun (노하준)","KR","east_asia","pacific","sentinel","Kiwoom DRX","active","true","false","false","false","0","0","1","2026-08-20","https://www.vlr.gg/team/8185/kiwoom-drx","2026-08-20T12:00:00.000Z","approved"
"BeYN","Kang Ha-bin (강하빈)|beyn","KR","east_asia","pacific","initiator","Kiwoom DRX","active","true","false","false","false","0","0","2","2026-08-20","https://www.vlr.gg/team/8185/kiwoom-drx","2026-08-20T12:00:00.000Z","approved"
"HYUNMIN","Song Hyun-min (송현민)|hyunmin","KR","east_asia","pacific","duelist","Kiwoom DRX","active","true","false","false","false","0","0","1","2026-08-20","https://www.vlr.gg/team/8185/kiwoom-drx","2026-08-20T12:00:00.000Z","approved"
"Flicker","Kim Tae-hee (김태희)|flicker","KR","east_asia","pacific","duelist","Kiwoom DRX","active","true","false","false","false","0","0","0","2026-08-20","https://www.vlr.gg/team/8185/kiwoom-drx","2026-08-20T12:00:00.000Z","approved"
"Crws","Thanamethk Mahatthananuyut|crws","TH","southeast_asia","pacific","initiator","FULL SENSE","active","true","false","false","false","0","0","2","2026-08-20","https://www.vlr.gg/team/4050/full-sense","2026-08-20T12:00:00.000Z","approved"
"Killua","Tanate Teerasawad|killua","TH","southeast_asia","pacific","flex","FULL SENSE","active","true","false","false","false","0","0","0","2026-08-20","https://www.vlr.gg/team/4050/full-sense","2026-08-20T12:00:00.000Z","approved"
"JitBoyS","Jittana Nokngam|jitboys","TH","southeast_asia","pacific","sentinel","FULL SENSE","active","true","false","false","false","0","0","1","2026-08-20","https://www.vlr.gg/team/4050/full-sense","2026-08-20T12:00:00.000Z","approved"
"primmie","Papaphat Sriprapha","TH","southeast_asia","pacific","duelist","FULL SENSE","active","true","false","false","false","0","0","1","2026-08-20","https://www.vlr.gg/team/4050/full-sense","2026-08-20T12:00:00.000Z","approved"
"seph1roth","Chinnakrit Phoojaroen","TH","southeast_asia","pacific","controller","FULL SENSE","active","true","false","false","false","0","0","0","2026-08-20","https://www.vlr.gg/team/4050/full-sense","2026-08-20T12:00:00.000Z","approved"
"Autumn","autumn|Kale Dunne","AU","oceania","pacific","flex","Global Esports","transferred","false","false","false","false","0","0","1","2026-08-03","https://www.vlr.gg/player/872/autumn/","2026-08-03T00:00:00.000Z","approved"
"UdoTan","udotan|Go Kyung-won (고경원)","KR","east_asia","pacific","duelist","Global Esports","transferred","false","false","false","false","0","0","0","2026-08-03","https://www.vlr.gg/player/4428/udotan/","2026-08-03T00:00:00.000Z","approved"
"Kr1stal","kr1stal|Savva Fedorov","RU","eastern_europe","pacific","initiator","Global Esports","transferred","false","false","false","false","0","0","0","2026-08-03","https://www.vlr.gg/player/5796/kr1stal/","2026-08-03T00:00:00.000Z","approved"
"xavi8k","xavi8k|Xavier Juan","PH","southeast_asia","pacific","initiator","Global Esports","transferred","false","false","false","false","0","0","0","2026-08-03","https://www.vlr.gg/player/7754/xavi8k/","2026-08-03T00:00:00.000Z","approved"
"PatMen","patmen|Patrick Mendoza","PH","southeast_asia","pacific","flex","Global Esports","transferred","false","false","false","false","0","0","1","2026-08-03","https://www.vlr.gg/player/13744/patmen/","2026-08-03T00:00:00.000Z","approved"
"BuZz","Yu Byeong-cheol (유병철)|buzz","KR","east_asia","pacific","duelist","T1","active","true","false","false","false","0","0","5","2026-08-20","https://www.vlr.gg/team/14/t1","2026-08-20T12:00:00.000Z","approved"
"Munchkin","Byeon Sang-beom (변상범)|munchkin","KR","east_asia","pacific","flex","T1","active","true","false","false","false","0","0","3","2026-08-20","https://www.vlr.gg/team/14/t1","2026-08-20T12:00:00.000Z","approved"
"iZu","Ham Woo-ju (함우주)|izu","KR","east_asia","pacific","duelist","T1","active","true","false","false","false","0","0","1","2026-08-20","https://www.vlr.gg/team/14/t1","2026-08-20T12:00:00.000Z","approved"
"DH","Kang Dong-ho (강동호)|dh","KR","east_asia","pacific","controller","T1","active","true","false","false","false","0","0","1","2026-08-20","https://www.vlr.gg/team/14/t1","2026-08-20T12:00:00.000Z","approved"
"Sylvan","Go Young-sup (고영섭)|sylvan","KR","east_asia","pacific","controller","Team Secret","active","true","false","false","false","0","0","0","2026-08-20","https://www.vlr.gg/team/6199/team-secret","2026-08-20T12:00:00.000Z","approved"
"natz","Jonathan Adiputra","ID","southeast_asia","pacific","sentinel","Team Secret","active","true","false","false","false","0","0","0","2026-08-20","https://www.vlr.gg/team/6199/team-secret","2026-08-20T12:00:00.000Z","approved"
"skye","skye|Felipe Skye Lim","SG","southeast_asia","pacific","controller","Team Secret","transferred","false","false","false","false","0","0","0","2026-08-03","https://www.vlr.gg/player/7416/skye/","2026-08-03T00:00:00.000Z","approved"
"kellyS","Kelly Sedillo|kellys","PH","southeast_asia","pacific","duelist","Team Secret","active","true","false","false","false","0","0","0","2026-08-20","https://www.vlr.gg/team/6199/team-secret","2026-08-20T12:00:00.000Z","approved"
"STYRON","Tidus Goh|styron","SG","southeast_asia","pacific","initiator","Team Secret","active","true","false","false","false","0","0","0","2026-08-20","https://www.vlr.gg/team/6199/team-secret","2026-08-20T12:00:00.000Z","approved"
"Zeus","Jhian Vega|zeus","PH","southeast_asia","pacific","duelist","Team Secret","active","true","false","false","false","0","0","0","2026-08-20","https://www.vlr.gg/team/6199/team-secret","2026-08-20T12:00:00.000Z","approved"
"eKo","Yeom Wang-ryong (염왕룡)|eko","KR","east_asia","pacific","initiator","ZETA DIVISION","active","true","false","false","false","0","0","0","2026-08-20","https://www.vlr.gg/team/5448/zeta-division","2026-08-20T12:00:00.000Z","approved"
"SugarZ3ro","Shota Watanabe|sugarz3ro","JP","east_asia","pacific","controller","ZETA DIVISION","active","true","false","false","false","0","0","2","2026-08-20","https://www.vlr.gg/team/5448/zeta-division","2026-08-20T12:00:00.000Z","approved"
"SyouTa","Shota Aoki|syouta","JP","east_asia","pacific","controller","ZETA DIVISION","active","true","false","false","false","0","0","0","2026-08-20","https://www.vlr.gg/team/5448/zeta-division","2026-08-20T12:00:00.000Z","approved"
"Xdll","Yuto Mizomori|xdll","JP","east_asia","pacific","initiator","ZETA DIVISION","active","true","false","false","false","0","0","1","2026-08-20","https://www.vlr.gg/team/5448/zeta-division","2026-08-20T12:00:00.000Z","approved"
"Absol","Kazuki Fujinoki|absol","JP","east_asia","pacific","duelist","ZETA DIVISION","active","true","false","false","false","0","0","0","2026-08-20","https://www.vlr.gg/team/5448/zeta-division","2026-08-20T12:00:00.000Z","approved"
"C1ndeR","c1nder|Ko Jae-hyuk (고재혁)","KR","east_asia","pacific","flex","VARREL","transferred","false","false","false","false","0","0","0","2026-08-03","https://www.vlr.gg/player/2149/c1nder/","2026-08-03T00:00:00.000Z","approved"
"Klaus","klaus|Kim Min-hyuk (김민혁)","KR","east_asia","pacific","sentinel","VARREL","transferred","false","false","false","false","0","0","2","2026-08-03","https://www.vlr.gg/player/4426/klaus/","2026-08-03T00:00:00.000Z","approved"
"Foxy9","foxy9|Jung Jae-sung (정재성)","KR","east_asia","pacific","sentinel","VARREL","transferred","false","false","false","false","0","0","1","2026-08-03","https://www.vlr.gg/player/11600/foxy9/","2026-08-03T00:00:00.000Z","approved"
"oonzmlp","oonzmlp|Shin Sang-beom (신상범)","KR","east_asia","pacific","controller","VARREL","transferred","false","false","false","false","0","0","0","2026-08-03","https://www.vlr.gg/player/34926/oonzmlp/","2026-08-03T00:00:00.000Z","approved"
"Zexy","zexy|Jang Suk-hyun (장석현)","KR","east_asia","pacific","duelist","VARREL","transferred","false","false","false","false","0","0","0","2026-08-03","https://www.vlr.gg/player/37532/zexy/","2026-08-03T00:00:00.000Z","approved"
"XuNa","xuna|Kim Tae-geon (김태건)","KR","east_asia","pacific","initiator","VARREL","transferred","false","false","false","false","0","0","0","2026-08-03","https://www.vlr.gg/player/42733/xuna/","2026-08-03T00:00:00.000Z","approved"
"Rb","Goo Sang-min (구상민)|rb","KR","east_asia","pacific","duelist","Nongshim RedForce","active","true","false","false","false","0","0","3","2026-08-20","https://www.vlr.gg/team/11060/nongshim-redforce","2026-08-20T12:00:00.000Z","approved"
"Dambi","Lee Hyuk-kyu (이혁규)|dambi","KR","east_asia","pacific","duelist","Nongshim RedForce","active","true","false","false","false","0","0","0","2026-08-20","https://www.vlr.gg/team/11060/nongshim-redforce","2026-08-20T12:00:00.000Z","approved"
"Francis","Kim Mu-bin (김무빈)|francis","KR","east_asia","pacific","flex","Nongshim RedForce","active","true","false","false","false","0","0","0","2026-08-20","https://www.vlr.gg/team/11060/nongshim-redforce","2026-08-20T12:00:00.000Z","approved"
"Ivy","Park Sung-hyeon (박성현)|ivy","KR","east_asia","pacific","flex","Nongshim RedForce","active","true","false","false","false","0","0","0","2026-08-20","https://www.vlr.gg/team/11060/nongshim-redforce","2026-08-20T12:00:00.000Z","approved"
"Xross","Jeonghwan (정환)|xross","KR","east_asia","pacific","duelist","Nongshim RedForce","active","true","false","false","false","0","0","0","2026-08-20","https://www.vlr.gg/team/11060/nongshim-redforce","2026-08-20T12:00:00.000Z","approved"
"Kyu","Mirel Braco Hrustemovic","CA","north_america","americas","flex","M80","active","true","false","false","false","0","0","0","2026-08-20","https://www.vlr.gg/team/11001/m80","2026-08-20T12:00:00.000Z","approved"
"Spaz","Adam Laamoumi","US","north_america","americas","flex","M80","active","true","false","false","false","0","0","0","2026-08-20","https://www.vlr.gg/team/11001/m80","2026-08-20T12:00:00.000Z","approved"
"Boni","","PH","southeast_asia","americas","flex","M80","active","true","false","false","false","0","0","0","2026-08-20","https://www.vlr.gg/team/11001/m80","2026-08-20T12:00:00.000Z","approved"
"NiSMO","Marc-Andre Tayar","LB","middle_east","americas","flex","M80","active","true","false","false","false","0","0","0","2026-08-20","https://www.vlr.gg/team/11001/m80","2026-08-20T12:00:00.000Z","approved"
"alvinboy","Alvin Hong","CN","east_asia","americas","flex","M80","active","true","false","false","false","0","0","0","2026-08-20","https://www.vlr.gg/team/11001/m80","2026-08-20T12:00:00.000Z","approved"
"Eggsterr","Evan Grady","US","north_america","americas","flex","ENVY","active","true","false","false","false","0","0","0","2026-08-20","https://www.vlr.gg/team/427/envy","2026-08-20T12:00:00.000Z","approved"
"ion","Ayan Rastogi","IN","south_asia","americas","flex","ENVY","inactive","false","false","false","false","0","0","0","2026-08-20","https://www.vlr.gg/team/427/envy","2026-08-20T12:00:00.000Z","approved"
"P0PPIN","Matteo Weber","US","north_america","americas","flex","ENVY","inactive","false","false","false","false","0","0","0","2026-08-20","https://www.vlr.gg/team/427/envy","2026-08-20T12:00:00.000Z","approved"
"jawgemo","Alexander Mor","KH","southeast_asia","americas","flex","G2 Esports","active","true","false","false","false","0","0","0","2026-08-20","https://www.vlr.gg/team/11058/g2-esports","2026-08-20T12:00:00.000Z","approved"
"mazin","Matheus Araújo","BR","south_america","americas","flex","Fluxo W7M","active","true","false","false","false","0","0","0","2026-08-20","https://www.vlr.gg/team/23141/fluxo-w7m","2026-08-20T12:00:00.000Z","approved"
"jzz","João Pedro","BR","south_america","americas","flex","Fluxo W7M","active","true","false","false","false","0","0","0","2026-08-20","https://www.vlr.gg/team/23141/fluxo-w7m","2026-08-20T12:00:00.000Z","approved"
"tuyz","Arthur Andrade","BR","south_america","americas","flex","Fluxo W7M","active","true","false","false","false","0","0","0","2026-08-20","https://www.vlr.gg/team/23141/fluxo-w7m","2026-08-20T12:00:00.000Z","approved"
"Palla","Davi Alcides","BR","south_america","americas","flex","Fluxo W7M","active","true","false","false","false","0","0","0","2026-08-20","https://www.vlr.gg/team/23141/fluxo-w7m","2026-08-20T12:00:00.000Z","approved"
"Zanatsu","Carlos Eduardo","BR","south_america","americas","flex","Fluxo W7M","active","true","false","false","false","0","0","0","2026-08-20","https://www.vlr.gg/team/23141/fluxo-w7m","2026-08-20T12:00:00.000Z","approved"
"Melser","Marco Eliot Machuca Amaro","CL","south_america","americas","flex","BESTIA","active","true","false","false","false","0","0","0","2026-08-20","https://www.vlr.gg/team/22142/bestia","2026-08-20T12:00:00.000Z","approved"
"chubizin","","CL","south_america","americas","flex","BESTIA","active","true","false","false","false","0","0","0","2026-08-20","https://www.vlr.gg/team/22142/bestia","2026-08-20T12:00:00.000Z","approved"
"david","David Olivares","CL","south_america","americas","flex","BESTIA","active","true","false","false","false","0","0","0","2026-08-20","https://www.vlr.gg/team/22142/bestia","2026-08-20T12:00:00.000Z","approved"
"Tacolilla","Vicente Compagnon","CL","south_america","americas","flex","BESTIA","active","true","false","false","false","0","0","0","2026-08-20","https://www.vlr.gg/team/22142/bestia","2026-08-20T12:00:00.000Z","approved"
"Loss","Lorenzo Suffredini de Biazzi","BR","south_america","americas","flex","BESTIA","active","true","false","false","false","0","0","0","2026-08-20","https://www.vlr.gg/team/22142/bestia","2026-08-20T12:00:00.000Z","approved"
"Brinks","João Victor","BR","south_america","americas","flex","2GAME Esports","active","true","false","false","false","0","0","0","2026-08-20","https://www.vlr.gg/team/15072/2game-esports","2026-08-20T12:00:00.000Z","approved"
"gobera","Vitor Gobo","BR","south_america","americas","flex","2GAME Esports","active","true","false","false","false","0","0","0","2026-08-20","https://www.vlr.gg/team/15072/2game-esports","2026-08-20T12:00:00.000Z","approved"
"qck","Gabriel Lima","BR","south_america","americas","flex","2GAME Esports","active","true","false","false","false","0","0","0","2026-08-20","https://www.vlr.gg/team/15072/2game-esports","2026-08-20T12:00:00.000Z","approved"
"xenom","Eduardo Soeiro","BR","south_america","americas","flex","2GAME Esports","active","true","false","false","false","0","0","0","2026-08-20","https://www.vlr.gg/team/15072/2game-esports","2026-08-20T12:00:00.000Z","approved"
"frz","Leandro Gomes","BR","south_america","americas","flex","2GAME Esports","active","true","false","false","false","0","0","0","2026-08-20","https://www.vlr.gg/team/15072/2game-esports","2026-08-20T12:00:00.000Z","approved"
"Avez","Hazem Khaled","EG","middle_east","emea","flex","Karmine Corp","active","true","false","false","false","0","0","0","2026-08-20","https://www.vlr.gg/team/8877/karmine-corp","2026-08-20T12:00:00.000Z","approved"
"dos9","Zhumagali Dastan","KZ","eastern_europe","emea","flex","Karmine Corp","active","true","false","false","false","0","0","0","2026-08-20","https://www.vlr.gg/team/8877/karmine-corp","2026-08-20T12:00:00.000Z","approved"
"LewN","Burak Alkan","TR","middle_east","emea","flex","Karmine Corp","active","true","false","false","false","0","0","0","2026-08-20","https://www.vlr.gg/team/8877/karmine-corp","2026-08-20T12:00:00.000Z","approved"
"SUYGETSU","Dmitry Ilyushin","UN","eastern_europe","emea","flex","Karmine Corp","active","true","false","false","false","0","0","0","2026-08-20","https://www.vlr.gg/team/8877/karmine-corp","2026-08-20T12:00:00.000Z","approved"
"N4RRATE","Marshall Massey","US","north_america","emea","flex","Karmine Corp","active","true","false","false","false","0","0","0","2026-08-20","https://www.vlr.gg/team/8877/karmine-corp","2026-08-20T12:00:00.000Z","approved"
"Chaza","Charlie Phillips","GB","western_europe","emea","flex","Karmine Corp","active","true","false","false","false","0","0","0","2026-08-20","https://www.vlr.gg/team/8877/karmine-corp","2026-08-20T12:00:00.000Z","approved"
"sheydos","Bogdan Naumov","RU","eastern_europe","emea","flex","Karmine Corp","inactive","false","false","false","false","0","0","0","2026-08-20","https://www.vlr.gg/team/8877/karmine-corp","2026-08-20T12:00:00.000Z","approved"
"purp0","Semyon Borchev","RU","eastern_europe","emea","flex","Team Liquid","active","true","false","false","false","0","0","0","2026-08-20","https://www.vlr.gg/team/474/team-liquid","2026-08-20T12:00:00.000Z","approved"
"kamo","Kamil Frąckowiak","PL","eastern_europe","emea","flex","Team Liquid","active","true","false","false","false","0","0","0","2026-08-20","https://www.vlr.gg/team/474/team-liquid","2026-08-20T12:00:00.000Z","approved"
"trexx","Nikita Cherednichenko","RU","eastern_europe","emea","flex","Team Liquid","active","true","false","false","false","0","0","0","2026-08-20","https://www.vlr.gg/team/474/team-liquid","2026-08-20T12:00:00.000Z","approved"
"Kicks","Kimmie Laasner","EE","northern_europe","emea","flex","Team Liquid","active","true","false","false","false","0","0","0","2026-08-20","https://www.vlr.gg/team/474/team-liquid","2026-08-20T12:00:00.000Z","approved"
"GSR","Ognjen Bondžić","RS","eastern_europe","emea","flex","Team Liquid","active","true","false","false","false","0","0","0","2026-08-20","https://www.vlr.gg/team/474/team-liquid","2026-08-20T12:00:00.000Z","approved"
"wayne","Wayne Chang","SG","southeast_asia","emea","flex","Team Liquid","inactive","false","false","false","false","0","0","0","2026-08-20","https://www.vlr.gg/team/474/team-liquid","2026-08-20T12:00:00.000Z","approved"
"MiniBoo","Dominykas Lukaševičius","LT","northern_europe","emea","flex","Team Liquid","inactive","false","false","false","false","0","0","0","2026-08-20","https://www.vlr.gg/team/474/team-liquid","2026-08-20T12:00:00.000Z","approved"
"kendo","Khian-Kai Rufin","GB","western_europe","emea","flex","Eintracht Frankfurt","active","true","false","false","false","0","0","0","2026-08-20","https://www.vlr.gg/team/14478/eintracht-frankfurt","2026-08-20T12:00:00.000Z","approved"
"b1squw1","Mehmet Aydın","TR","middle_east","emea","flex","Fire Flux Esports","active","true","false","false","false","0","0","0","2026-08-20","https://www.vlr.gg/team/20085/fire-flux-esports","2026-08-20T12:00:00.000Z","approved"
"Veqaj","Sylvain Pattyn","FR","western_europe","emea","flex","FNATIC","inactive","false","false","false","false","0","0","0","2026-08-20","https://www.vlr.gg/team/2593/fnatic","2026-08-20T12:00:00.000Z","approved"
"Kippei","","JP","east_asia","pacific","flex","QTDIG","active","true","false","false","false","0","0","0","2026-08-20","https://www.vlr.gg/team/18299/qt-dig","2026-08-20T12:00:00.000Z","approved"
"Misaya","","JP","east_asia","pacific","flex","QTDIG","active","true","false","false","false","0","0","0","2026-08-20","https://www.vlr.gg/team/18299/qt-dig","2026-08-20T12:00:00.000Z","approved"
"yuran","Yushin Hato","JP","east_asia","pacific","flex","QTDIG","active","true","false","false","false","0","0","0","2026-08-20","https://www.vlr.gg/team/18299/qt-dig","2026-08-20T12:00:00.000Z","approved"
"Pkm","Park Kang-min (박강민)","KR","east_asia","pacific","flex","QTDIG","active","true","false","false","false","0","0","0","2026-08-20","https://www.vlr.gg/team/18299/qt-dig","2026-08-20T12:00:00.000Z","approved"
"margaret","Kim Ji-woo (김지우)","KR","east_asia","pacific","flex","QTDIG","active","true","false","false","false","0","0","0","2026-08-20","https://www.vlr.gg/team/18299/qt-dig","2026-08-20T12:00:00.000Z","approved"
"canady","Napatr Worajak","TH","southeast_asia","pacific","flex","XIPTO Esports","active","true","false","false","false","0","0","0","2026-08-20","https://www.vlr.gg/team/17167/xipto-esports","2026-08-20T12:00:00.000Z","approved"
"doffy","Worlalop Thangsiri","TH","southeast_asia","pacific","flex","XIPTO Esports","active","true","false","false","false","0","0","0","2026-08-20","https://www.vlr.gg/team/17167/xipto-esports","2026-08-20T12:00:00.000Z","approved"
"aLerT","Wattanachok Yingnakorn","TH","southeast_asia","pacific","flex","XIPTO Esports","active","true","false","false","false","0","0","0","2026-08-20","https://www.vlr.gg/team/17167/xipto-esports","2026-08-20T12:00:00.000Z","approved"
"Surf","Thanachart Rungapajaratkul","TH","southeast_asia","pacific","flex","XIPTO Esports","active","true","false","false","false","0","0","0","2026-08-20","https://www.vlr.gg/team/17167/xipto-esports","2026-08-20T12:00:00.000Z","approved"
"endoist","Natthanon Ammaree","TH","southeast_asia","pacific","flex","XIPTO Esports","active","true","false","false","false","0","0","0","2026-08-20","https://www.vlr.gg/team/17167/xipto-esports","2026-08-20T12:00:00.000Z","approved"
"WoohyuN","Moon Woo-hyun (문우현)","KR","east_asia","pacific","flex","Nongshim RedForce","active","true","false","false","false","0","0","0","2026-08-20","https://www.vlr.gg/team/11060/nongshim-redforce","2026-08-20T12:00:00.000Z","approved"
"thyy","Anupong Preamsak","TH","southeast_asia","pacific","flex","FULL SENSE","inactive","false","false","false","false","0","0","0","2026-08-20","https://www.vlr.gg/team/4050/full-sense","2026-08-20T12:00:00.000Z","approved"
"Leviathan","Thanyathon Nakmee","TH","southeast_asia","pacific","flex","FULL SENSE","inactive","false","false","false","false","0","0","0","2026-08-20","https://www.vlr.gg/team/4050/full-sense","2026-08-20T12:00:00.000Z","approved"
"yong","Kim Ho-yong (김호용)","KR","east_asia","pacific","flex","Kiwoom DRX","active","true","false","false","false","0","0","0","2026-08-20","https://www.vlr.gg/team/8185/kiwoom-drx","2026-08-20T12:00:00.000Z","approved"
"Hermes","Ahn Byeong-wook (안병욱)","KR","east_asia","pacific","flex","Onside Gaming","active","true","false","false","false","0","0","0","2026-08-20","https://www.vlr.gg/team/19189/onside-gaming","2026-08-20T12:00:00.000Z","approved"
"Ray","Oh Eun-hyuk (오은혁)","KR","east_asia","pacific","flex","Onside Gaming","active","true","false","false","false","0","0","0","2026-08-20","https://www.vlr.gg/team/19189/onside-gaming","2026-08-20T12:00:00.000Z","approved"
"Cloudy","Koo Min-jae (구민재)","KR","east_asia","pacific","flex","Onside Gaming","active","true","false","false","false","0","0","0","2026-08-20","https://www.vlr.gg/team/19189/onside-gaming","2026-08-20T12:00:00.000Z","approved"
"Wolverine","Cho Hyun-tae (조현태)","KR","east_asia","pacific","flex","Onside Gaming","active","true","false","false","false","0","0","0","2026-08-20","https://www.vlr.gg/team/19189/onside-gaming","2026-08-20T12:00:00.000Z","approved"
"Faither","Lee Hwi-seong (이휘성)","KR","east_asia","pacific","flex","Onside Gaming","active","true","false","false","false","0","0","0","2026-08-20","https://www.vlr.gg/team/19189/onside-gaming","2026-08-20T12:00:00.000Z","approved"
"PTC","Kititkawin Rattanasukol","TH","southeast_asia","pacific","flex","Sharper Esports","active","true","false","false","false","0","0","0","2026-08-20","https://www.vlr.gg/team/623/sharper-esports","2026-08-20T12:00:00.000Z","approved"
"Kadoom","Kantapong Kingthong","TH","southeast_asia","pacific","flex","Sharper Esports","active","true","false","false","false","0","0","0","2026-08-20","https://www.vlr.gg/team/623/sharper-esports","2026-08-20T12:00:00.000Z","approved"
"Apinya","Apinya Laotaew","TH","southeast_asia","pacific","flex","Sharper Esports","active","true","false","false","false","0","0","0","2026-08-20","https://www.vlr.gg/team/623/sharper-esports","2026-08-20T12:00:00.000Z","approved"
"Laz","Kittikawin Jirawatkakan","TH","southeast_asia","pacific","flex","Sharper Esports","active","true","false","false","false","0","0","0","2026-08-20","https://www.vlr.gg/team/623/sharper-esports","2026-08-20T12:00:00.000Z","approved"
"NIZ","","TH","southeast_asia","pacific","flex","Sharper Esports","active","true","false","false","false","0","0","0","2026-08-20","https://www.vlr.gg/team/623/sharper-esports","2026-08-20T12:00:00.000Z","approved"
"whzy","Wang Haozhe (王昊哲)","CN","east_asia","china","flex","Bilibili Gaming","active","true","false","false","true","0","0","0","2026-08-20","https://www.vlr.gg/team/12010/bilibili-gaming","2026-08-20T12:00:00.000Z","approved"
"rushia","Wang Xiaojie (王晓杰)","CN","east_asia","china","flex","Bilibili Gaming","active","true","false","false","true","0","0","0","2026-08-20","https://www.vlr.gg/team/12010/bilibili-gaming","2026-08-20T12:00:00.000Z","approved"
"nephh","Marcus Tan","SG","southeast_asia","china","flex","Bilibili Gaming","active","true","false","false","true","0","0","0","2026-08-20","https://www.vlr.gg/team/12010/bilibili-gaming","2026-08-20T12:00:00.000Z","approved"
"yilai","Gu Yiming (顾依铭)","CN","east_asia","china","flex","Bilibili Gaming","inactive","false","false","false","true","0","0","0","2026-08-20","https://www.vlr.gg/team/12010/bilibili-gaming","2026-08-20T12:00:00.000Z","approved"
"Knight","Liu Yuxiang (刘宇翔)","CN","east_asia","china","flex","Bilibili Gaming","active","true","false","false","true","0","0","0","2026-08-20","https://www.vlr.gg/team/12010/bilibili-gaming","2026-08-20T12:00:00.000Z","approved"
"bud","Yang Renyu (杨韧余)","CN","east_asia","china","flex","Bilibili Gaming","active","true","false","false","true","0","0","0","2026-08-20","https://www.vlr.gg/team/12010/bilibili-gaming","2026-08-20T12:00:00.000Z","approved"
"FT","Yan Shuaibo (闫帅博)","CN","east_asia","china","flex","Bilibili Gaming","benched","true","false","false","true","0","0","0","2026-08-20","https://www.vlr.gg/team/12010/bilibili-gaming","2026-08-20T12:00:00.000Z","approved"
"Levius","Lu Yinzhong (卢胤中)","CN","east_asia","china","flex","Bilibili Gaming","inactive","false","false","false","true","0","0","0","2026-08-20","https://www.vlr.gg/team/12010/bilibili-gaming","2026-08-20T12:00:00.000Z","approved"
"SiuFatBB","Pong Gaa Hei (庞加曦)","HK","east_asia","china","flex","TYLOO","active","true","false","false","true","0","0","0","2026-08-20","https://www.vlr.gg/team/731/tyloo","2026-08-20T12:00:00.000Z","approved"
"splash","Moses Christophe Jonathan","ID","southeast_asia","china","flex","TYLOO","active","true","false","false","true","0","0","0","2026-08-20","https://www.vlr.gg/team/731/tyloo","2026-08-20T12:00:00.000Z","approved"
"Scales","Zhang Zhen (张震)","CN","east_asia","china","flex","TYLOO","active","true","false","false","true","0","0","0","2026-08-20","https://www.vlr.gg/team/731/tyloo","2026-08-20T12:00:00.000Z","approved"
"Erv","Shen Zhiwei","CN","east_asia","china","flex","TYLOO","active","true","false","false","true","0","0","0","2026-08-20","https://www.vlr.gg/team/731/tyloo","2026-08-20T12:00:00.000Z","approved"
"slowly","Kelun Sun (孙科伦)","CN","east_asia","china","flex","TYLOO","active","true","false","false","true","0","0","0","2026-08-20","https://www.vlr.gg/team/731/tyloo","2026-08-20T12:00:00.000Z","approved"
"xihe","Peng Wenbo (彭文博)","CN","east_asia","china","flex","TYLOO","benched","true","false","false","true","0","0","0","2026-08-20","https://www.vlr.gg/team/731/tyloo","2026-08-20T12:00:00.000Z","approved"
"WsLeo","Huang Pinwei (黄品维)","TW","east_asia","china","flex","Xi Lai Gaming","active","true","false","false","true","0","0","0","2026-08-20","https://www.vlr.gg/team/13581/xi-lai-gaming","2026-08-20T12:00:00.000Z","approved"
"Sharks","Qiu Ge (邱戈)","CN","east_asia","china","flex","Xi Lai Gaming","benched","true","false","false","true","0","0","0","2026-08-20","https://www.vlr.gg/team/13581/xi-lai-gaming","2026-08-20T12:00:00.000Z","approved"
"Lysoar","Liang Youhao (梁优好)","CN","east_asia","china","flex","Xi Lai Gaming","active","true","false","false","true","0","0","0","2026-08-20","https://www.vlr.gg/team/13581/xi-lai-gaming","2026-08-20T12:00:00.000Z","approved"
"NoMan","James Man","HK","east_asia","china","flex","Xi Lai Gaming","active","true","false","false","true","0","0","0","2026-08-20","https://www.vlr.gg/team/13581/xi-lai-gaming","2026-08-20T12:00:00.000Z","approved"
"Rarga","Arthur Churyumov","RU","eastern_europe","china","flex","Xi Lai Gaming","active","true","false","false","true","0","0","0","2026-08-20","https://www.vlr.gg/team/13581/xi-lai-gaming","2026-08-20T12:00:00.000Z","approved"
"happywei","Deng Minwei (邓闵维)","TW","east_asia","china","flex","Xi Lai Gaming","active","true","false","false","true","0","0","0","2026-08-20","https://www.vlr.gg/team/13581/xi-lai-gaming","2026-08-20T12:00:00.000Z","approved"
"qiutiaN","Bijan Moeinzadeh (慕英毕强)","TW","east_asia","china","flex","Nova Esports","active","true","false","false","true","0","0","0","2026-08-20","https://www.vlr.gg/team/12064/nova-esports","2026-08-20T12:00:00.000Z","approved"
"cb","Wang Qingchuan (王庆川)","CN","east_asia","china","flex","Nova Esports","active","true","false","false","true","0","0","0","2026-08-20","https://www.vlr.gg/team/12064/nova-esports","2026-08-20T12:00:00.000Z","approved"
"Ezeir","Zhao Zejun (赵泽骏)","CN","east_asia","china","flex","Nova Esports","active","true","false","false","true","0","0","0","2026-08-20","https://www.vlr.gg/team/12064/nova-esports","2026-08-20T12:00:00.000Z","approved"
"GuanG","Guang Honglin (光洪霖)","CN","east_asia","china","flex","Nova Esports","active","true","false","false","true","0","0","0","2026-08-20","https://www.vlr.gg/team/12064/nova-esports","2026-08-20T12:00:00.000Z","approved"
"swagzor","Mikhail Vaniushin","RU","eastern_europe","china","flex","Nova Esports","active","true","false","false","true","0","0","0","2026-08-20","https://www.vlr.gg/team/12064/nova-esports","2026-08-20T12:00:00.000Z","approved"
"kodeth","Bo Li","CN","east_asia","china","flex","Nova Esports","benched","true","false","false","true","0","0","0","2026-08-20","https://www.vlr.gg/team/12064/nova-esports","2026-08-20T12:00:00.000Z","approved"
"GREEN","Qiu Jianzhi (邱建智)","TW","east_asia","china","flex","Nova Esports","benched","true","false","false","true","0","0","0","2026-08-20","https://www.vlr.gg/team/12064/nova-esports","2026-08-20T12:00:00.000Z","approved"
"Abo","Han Bohao (韩博皓)","CN","east_asia","china","flex","Trace Esports","benched","true","false","false","true","0","0","0","2026-08-20","https://www.vlr.gg/team/12685/trace-esports","2026-08-20T12:00:00.000Z","approved"
"Toosy","Wu Yufeng (吴雨峰)","CN","east_asia","china","flex","Trace Esports","benched","true","false","false","true","0","0","0","2026-08-20","https://www.vlr.gg/team/12685/trace-esports","2026-08-20T12:00:00.000Z","approved"
"nothing","Xie Junzheng (谢君正)","CN","east_asia","china","flex","Wolves Esports","active","true","false","false","true","0","0","0","2026-08-20","https://www.vlr.gg/team/13790/wolves-esports","2026-08-20T12:00:00.000Z","approved"
"stew","Park Young-chan (박영찬)","KR","east_asia","china","flex","EDward Gaming","active","true","false","false","true","0","0","0","2026-08-20","https://www.vlr.gg/team/1120/edward-gaming","2026-08-20T12:00:00.000Z","approved"
"Desmo","Casper Rasmussen","DK","northern_europe","emea","flex","FNATIC","transferred","false","false","false","false","0","0","0","2026-08-22","https://www.vlr.gg/player/195/desmo","2026-08-22T12:00:00.000Z","approved"
"Sevire","Ethan Starke","GB","western_europe","emea","flex","FNATIC","transferred","false","false","false","false","0","0","0","2026-08-22","https://www.vlr.gg/player/11322/sevire","2026-08-22T12:00:00.000Z","approved"
"Leo","Leo Jannesson|ziz","SE","east_asia","emea","flex","FNATIC","transferred","false","false","false","false","0","0","0","2026-08-22","https://www.vlr.gg/player/1380/leo","2026-08-22T12:00:00.000Z","approved"
"Mistic","James Orfila","GB","western_europe","emea","flex","FNATIC","transferred","false","false","false","false","0","0","0","2026-08-22","https://www.vlr.gg/player/1457/mistic","2026-08-22T12:00:00.000Z","approved"
"HearthBeat","Marco Soffia","IT","east_asia","emea","flex","FNATIC","transferred","false","false","false","false","0","0","0","2026-08-22","https://www.vlr.gg/player/2182/hearthbeat","2026-08-22T12:00:00.000Z","approved"
"Enzo","Enzo Mestari|Fearoth","FR","western_europe","emea","flex","FNATIC","transferred","false","false","false","false","0","0","0","2026-08-22","https://www.vlr.gg/player/114/enzo","2026-08-22T12:00:00.000Z","approved"
"braveaf","Andrew Gorchakov|BRAVEAFb0Y","RU","eastern_europe","emea","flex","FNATIC","transferred","false","false","false","false","0","0","0","2026-08-22","https://www.vlr.gg/player/2285/braveaf","2026-08-22T12:00:00.000Z","approved"
"H1ber","Joona Parviainen","FI","northern_europe","emea","flex","FNATIC","transferred","false","false","false","false","0","0","0","2026-08-22","https://www.vlr.gg/player/1524/h1ber","2026-08-22T12:00:00.000Z","approved"
"MOLSI","Michał Łącki","PL","eastern_europe","emea","flex","FNATIC","transferred","false","false","false","false","0","0","0","2026-08-22","https://www.vlr.gg/player/1281/molsi","2026-08-22T12:00:00.000Z","approved"
"Moe40","Muhammad Hariff","GB","western_europe","emea","flex","FNATIC","transferred","false","false","false","false","0","0","0","2026-08-22","https://www.vlr.gg/player/2311/moe40","2026-08-22T12:00:00.000Z","approved"
"tsack","Konstantinos Theodoropoulos","GR","east_asia","emea","flex","FNATIC","transferred","false","false","false","false","0","0","0","2026-08-22","https://www.vlr.gg/player/2284/tsack","2026-08-22T12:00:00.000Z","approved"
"d3mur","Demir Boğa|Demurcuk","TR","middle_east","emea","flex","ULF Esports","transferred","false","false","false","false","0","0","0","2026-08-22","https://www.vlr.gg/player/16447/d3mur","2026-08-22T12:00:00.000Z","approved"
"sturNN","Eren Oduncular","TR","middle_east","emea","flex","ULF Esports","transferred","false","false","false","false","0","0","0","2026-08-22","https://www.vlr.gg/player/12226/sturnn","2026-08-22T12:00:00.000Z","approved"
"mepeezy","Enes Öztürk","TR","middle_east","emea","flex","ULF Esports","transferred","false","false","false","false","0","0","0","2026-08-22","https://www.vlr.gg/player/41719/mepeezy","2026-08-22T12:00:00.000Z","approved"
"wezzy","Arda Celbiş","TR","middle_east","emea","flex","ULF Esports","transferred","false","false","false","false","0","0","0","2026-08-22","https://www.vlr.gg/player/39351/wezzy","2026-08-22T12:00:00.000Z","approved"
"sh0ut","Muhammet Sefa Altıntaş","TR","middle_east","emea","flex","ULF Esports","transferred","false","false","false","false","0","0","0","2026-08-22","https://www.vlr.gg/player/49341/sh0ut","2026-08-22T12:00:00.000Z","approved"
"İVAR","Ege Aslan|KEMİKSİZ İVAR","TR","middle_east","emea","flex","ULF Esports","transferred","false","false","false","false","0","0","0","2026-08-22","https://www.vlr.gg/player/40595/var","2026-08-22T12:00:00.000Z","approved"
"shu","Yoon Si-hoo (윤시후)","KR","east_asia","pacific","flex","SLT Seongnam","transferred","false","false","false","false","0","0","0","2026-08-22","https://www.vlr.gg/player/42755/shu","2026-08-22T12:00:00.000Z","approved"
"BENECIA","Kim Jin-han (김진한)","KR","east_asia","pacific","flex","SLT Seongnam","transferred","false","false","false","false","0","0","0","2026-08-22","https://www.vlr.gg/player/4475/benecia","2026-08-22T12:00:00.000Z","approved"
"JaebiN","Lee Jae-bin (이재빈)","KR","east_asia","pacific","flex","SLT Seongnam","transferred","false","false","false","false","0","0","0","2026-08-22","https://www.vlr.gg/player/37535/jaebin","2026-08-22T12:00:00.000Z","approved"
"RedLight","Kim Eun-soo (김은수)","KR","east_asia","pacific","flex","SLT Seongnam","transferred","false","false","false","false","0","0","0","2026-08-22","https://www.vlr.gg/player/13000/redlight","2026-08-22T12:00:00.000Z","approved"
"Moves","Park Jun-seo (박준서)","KR","east_asia","pacific","flex","SLT Seongnam","transferred","false","false","false","false","0","0","0","2026-08-22","https://www.vlr.gg/player/4657/moves","2026-08-22T12:00:00.000Z","approved"
"SungJin","Ko Sung-jin (고성진)|Jinkorea","KR","east_asia","pacific","flex","SLT Seongnam","transferred","false","false","false","false","0","0","0","2026-08-22","https://www.vlr.gg/player/20879/sungjin","2026-08-22T12:00:00.000Z","approved"
"Aru","Yang Jae-jun (양재준)","KR","east_asia","pacific","flex","SLT Seongnam","transferred","false","false","false","false","0","0","0","2026-08-22","https://www.vlr.gg/player/31831/aru","2026-08-22T12:00:00.000Z","approved"
"Impact","Park Sung-hyun (박성현)","KR","east_asia","pacific","flex","SLT Seongnam","transferred","false","false","false","false","0","0","0","2026-08-22","https://www.vlr.gg/player/27442/impact","2026-08-22T12:00:00.000Z","approved"
"Kira","Park Jung-soo (박정수)|Rimuru","KR","east_asia","pacific","flex","SLT Seongnam","transferred","false","false","false","false","0","0","0","2026-08-22","https://www.vlr.gg/player/34927/kira","2026-08-22T12:00:00.000Z","approved"
"Jinboong","Kim Jin-won (김진원)|JinboongE","KR","east_asia","pacific","flex","SLT Seongnam","transferred","false","false","false","false","0","0","0","2026-08-22","https://www.vlr.gg/player/4052/jinboong","2026-08-22T12:00:00.000Z","approved"
"Sunday","Kim Min-soo (김민수)","KR","east_asia","pacific","flex","SLT Seongnam","transferred","false","false","false","false","0","0","0","2026-08-22","https://www.vlr.gg/player/487/sunday","2026-08-22T12:00:00.000Z","approved"
"kanade","Um Hyun-sung (엄현성)|Sunny, SeliG","KR","east_asia","pacific","flex","SLT Seongnam","transferred","false","false","false","false","0","0","0","2026-08-22","https://www.vlr.gg/player/9221/kanade","2026-08-22T12:00:00.000Z","approved"
"LuZ","Lim Ui-jun (임의준)","KR","east_asia","pacific","flex","SLT Seongnam","transferred","false","false","false","false","0","0","0","2026-08-22","https://www.vlr.gg/player/1959/luz","2026-08-22T12:00:00.000Z","approved"
"signed","Dale Tang|gao, Dale","NZ","east_asia","china","flex","EDward Gaming","transferred","false","false","false","true","0","0","0","2026-08-22","https://www.vlr.gg/player/1175/signed","2026-08-22T12:00:00.000Z","approved"
"Yang","","CN","east_asia","china","flex","EDward Gaming","transferred","false","false","false","true","0","0","0","2026-08-22","https://www.vlr.gg/player/64847/yang","2026-08-22T12:00:00.000Z","approved"
"MOONLIGHT1","","CN","east_asia","china","flex","EDward Gaming","transferred","false","false","false","true","0","0","0","2026-08-22","https://www.vlr.gg/player/64846/moonlight1","2026-08-22T12:00:00.000Z","approved"
"JIAE","","CN","east_asia","china","flex","EDward Gaming","transferred","false","false","false","true","0","0","0","2026-08-22","https://www.vlr.gg/player/64848/jiae","2026-08-22T12:00:00.000Z","approved"
"Knyzl","","CN","east_asia","china","flex","EDward Gaming","transferred","false","false","false","true","0","0","0","2026-08-22","https://www.vlr.gg/player/58006/knyzl","2026-08-22T12:00:00.000Z","approved"
"Z1h","","CN","east_asia","china","flex","EDward Gaming","transferred","false","false","false","true","0","0","0","2026-08-22","https://www.vlr.gg/player/59801/z1h","2026-08-22T12:00:00.000Z","approved"
"ggd","","CN","east_asia","china","flex","EDward Gaming","transferred","false","false","false","true","0","0","0","2026-08-22","https://www.vlr.gg/player/59798/ggd","2026-08-22T12:00:00.000Z","approved"
"Moonlight","","CN","east_asia","china","flex","EDward Gaming","transferred","false","false","false","true","0","0","0","2026-08-22","https://www.vlr.gg/player/59797/moonlight","2026-08-22T12:00:00.000Z","approved"
"YoungX","","CN","east_asia","china","flex","EDward Gaming","transferred","false","false","false","true","0","0","0","2026-08-22","https://www.vlr.gg/player/59796/youngx","2026-08-22T12:00:00.000Z","approved"
"P1n","","TW","east_asia","china","flex","EDward Gaming","transferred","false","false","false","true","0","0","0","2026-08-22","https://www.vlr.gg/player/34180/p1n","2026-08-22T12:00:00.000Z","approved"
"AnJing","","CN","east_asia","china","flex","EDward Gaming","transferred","false","false","false","true","0","0","0","2026-08-22","https://www.vlr.gg/player/56277/anjing","2026-08-22T12:00:00.000Z","approved"
"Maozi7","VLAD","RU","eastern_europe","china","flex","EDward Gaming","transferred","false","false","false","true","0","0","0","2026-08-22","https://www.vlr.gg/player/41773/maozi7","2026-08-22T12:00:00.000Z","approved"
"na1t","","CN","east_asia","china","flex","EDward Gaming","transferred","false","false","false","true","0","0","0","2026-08-22","https://www.vlr.gg/player/58029/na1t","2026-08-22T12:00:00.000Z","approved"
"xYU","","CN","east_asia","china","flex","EDward Gaming","transferred","false","false","false","true","0","0","0","2026-08-22","https://www.vlr.gg/player/14443/xyu","2026-08-22T12:00:00.000Z","approved"
"Natsu","","CN","east_asia","china","flex","EDward Gaming","transferred","false","false","false","true","0","0","0","2026-08-22","https://www.vlr.gg/player/58004/natsu","2026-08-22T12:00:00.000Z","approved"
"S1Mon","Hsien Meng-Hsun (谢孟勋)","TW","east_asia","china","flex","EDward Gaming","transferred","false","false","false","true","0","0","0","2026-08-22","https://www.vlr.gg/player/13768/s1mon","2026-08-22T12:00:00.000Z","approved"
"Century","Liu Shiji (刘世纪)","CN","east_asia","china","flex","EDward Gaming","transferred","false","false","false","true","0","0","0","2026-08-22","https://www.vlr.gg/player/48859/century","2026-08-22T12:00:00.000Z","approved"
"Muggle","Tang Shijun (唐时俊)","CN","east_asia","china","flex","EDward Gaming","transferred","false","false","false","true","0","0","0","2026-08-22","https://www.vlr.gg/player/29401/muggle","2026-08-22T12:00:00.000Z","approved"
"Sunshine","Huang Jinjie (黄进杰)|k1t","CN","east_asia","china","flex","EDward Gaming","transferred","false","false","false","true","0","0","0","2026-08-22","https://www.vlr.gg/player/14453/sunshine","2026-08-22T12:00:00.000Z","approved"
"heav1n","Chen Wang","CN","east_asia","china","flex","EDward Gaming","transferred","false","false","false","true","0","0","0","2026-08-22","https://www.vlr.gg/player/51243/heav1n","2026-08-22T12:00:00.000Z","approved"
"Toast","","CN","east_asia","china","flex","EDward Gaming","transferred","false","false","false","true","0","0","0","2026-08-22","https://www.vlr.gg/player/48959/toast","2026-08-22T12:00:00.000Z","approved"
"potter","","CN","east_asia","china","flex","EDward Gaming","transferred","false","false","false","true","0","0","0","2026-08-22","https://www.vlr.gg/player/48960/potter","2026-08-22T12:00:00.000Z","approved"
"NaThanD","Deng Senqiao (邓森侨)|MinosICK, NaThanDr1veR","CN","east_asia","china","flex","EDward Gaming","transferred","false","false","false","true","0","0","0","2026-08-22","https://www.vlr.gg/player/3532/nathand","2026-08-22T12:00:00.000Z","approved"
"York","Yao Kun (姚堃)|YorkMonster","CN","east_asia","china","flex","EDward Gaming","transferred","false","false","false","true","0","0","0","2026-08-22","https://www.vlr.gg/player/6021/york","2026-08-22T12:00:00.000Z","approved"
"Septem7","Liu Zhening (刘哲宁)","CN","east_asia","china","flex","EDward Gaming","transferred","false","false","false","true","0","0","0","2026-08-22","https://www.vlr.gg/player/3031/septem7","2026-08-22T12:00:00.000Z","approved"
"Link","Wen Xuan Zhong (钟文轩)|恨之入股","CN","east_asia","china","flex","EDward Gaming","transferred","false","false","false","true","0","0","0","2026-08-22","https://www.vlr.gg/player/4416/link","2026-08-22T12:00:00.000Z","approved"
"FZZZZZ","Fzzzzz0223","CN","east_asia","china","flex","EDward Gaming","transferred","false","false","false","true","0","0","0","2026-08-22","https://www.vlr.gg/player/4415/fzzzzz","2026-08-22T12:00:00.000Z","approved"
"今天要开心o","","CN","east_asia","china","flex","EDward Gaming","transferred","false","false","false","true","0","0","0","2026-08-22","https://www.vlr.gg/player/4417/o","2026-08-22T12:00:00.000Z","approved"
"Donglove","","UN","eastern_europe","china","flex","EDward Gaming","transferred","false","false","false","true","0","0","0","2026-08-22","https://www.vlr.gg/player/4419/donglove","2026-08-22T12:00:00.000Z","approved"
"958 God","","UN","eastern_europe","china","flex","EDward Gaming","transferred","false","false","false","true","0","0","0","2026-08-22","https://www.vlr.gg/player/4418/958-god","2026-08-22T12:00:00.000Z","approved"
"Painkiller","陈晓涛","CN","east_asia","china","flex","EDward Gaming","transferred","false","false","false","true","0","0","0","2026-08-22","https://www.vlr.gg/player/8646/painkiller","2026-08-22T12:00:00.000Z","approved"
