"player_id","player_name","team","region","country_code","date_joined","date_left","source_url"
"62380","Notexxd","Cloud9","americas","UN","2026-05-08","2026-07-10","https://www.thespike.gg/team/cloud9/53"
"25342","Xeppaa","Cloud9","americas","US","2021-04-19","2026-05-29","https://www.thespike.gg/team/cloud9/53"
"12735","penny","Cloud9","americas","CA","2025-10-30","2026-05-01","https://www.thespike.gg/team/cloud9/53"
"369","mitch","Cloud9","americas","US","2024-12-02","2025-10-27","https://www.thespike.gg/team/cloud9/53"
"12594","moose⁠","Cloud9","americas","CA","2024-03-30","2024-12-11","https://www.thespike.gg/team/cloud9/53"
"25949","runi","Cloud9","americas","US","2024-03-30","2024-10-08","https://www.thespike.gg/team/cloud9/53"
"14650","jakee","Cloud9","americas","US","2023-03-24","2024-03-27","https://www.thespike.gg/team/cloud9/53"
"3978","wippie","Cloud9","americas","RU","2023-09-29","2024-03-07","https://www.thespike.gg/team/cloud9/53"
"8048","curry","Cloud9","americas","US","2022-05-15","2023-11-30","https://www.thespike.gg/team/cloud9/53"
"13307","vanity","Cloud9","americas","US","2023-09-29","2023-08-10","https://www.thespike.gg/team/cloud9/53"
"4795","nillyaz","Cloud9","americas","US","2022-07-29","2022-07-30","https://www.thespike.gg/team/cloud9/53"
"3380","xeta","Cloud9","americas","KR","2021-01-26","2022-05-15","https://www.thespike.gg/team/cloud9/53"
"6896","poiz","Cloud9","americas","US","2021-02-05","2021-10-19","https://www.thespike.gg/team/cloud9/53"
"25341","floppy","Cloud9","americas","US","2021-04-19","2021-09-10","https://www.thespike.gg/team/cloud9/53"
"367","Relyks","Cloud9","americas","US","2020-06-15","2021-04-16","https://www.thespike.gg/team/cloud9/53"
"708","vice","Cloud9","americas","US","2020-06-15","2021-03-16","https://www.thespike.gg/team/cloud9/53"
"365","shinobi","Cloud9","americas","US","2020-06-15","2020-12-12","https://www.thespike.gg/team/cloud9/53"
"604","POACH","Cloud9","americas","US","2020-06-15","2020-07-07","https://www.thespike.gg/team/cloud9/53"
"216","Derrek","M80","americas","US","2026-01-14","2026-03-16","https://www.thespike.gg/team/m80/16524"
"53","gMd","M80","americas","CA","2026-01-15","2026-02-28","https://www.thespike.gg/team/m80/16524"
"34163","Pa1nt","M80","americas","UN","2026-01-18","2026-02-28","https://www.thespike.gg/team/m80/16524"
"1774","Wedid","M80","americas","CA","2025-01-24","2025-05-24","https://www.thespike.gg/team/m80/16524"
"83","Victor","M80","americas","US","2025-04-06","2025-05-16","https://www.thespike.gg/team/m80/16524"
"6854","Okeanos","M80","americas","VN","2025-01-24","2025-05-14","https://www.thespike.gg/team/m80/16524"
"685","Bdog","M80","americas","US","2025-01-24","2025-04-03","https://www.thespike.gg/team/m80/16524"
"14172","Zander","M80","americas","CA","","2024-09-24","https://www.thespike.gg/team/m80/16524"
"649","BcJ","M80","americas","US","","2024-09-23","https://www.thespike.gg/team/m80/16524"
"1981","nitr0","M80","americas","US","","2024-07-01","https://www.thespike.gg/team/m80/16524"
"19551","rich","MIBR","americas","BR","","2025-01-17","https://www.thespike.gg/team/mibr/10500"
"13260","liazzi","MIBR","americas","BR","","2024-11-22","https://www.thespike.gg/team/mibr/10500"
"57","ShahZaM","MIBR","americas","US","","2024-07-06","https://www.thespike.gg/team/mibr/10500"
"5302","RgLM","MIBR","americas","BR","","2024-06-30","https://www.thespike.gg/team/mibr/10500"
"3099","Txozin","MIBR","americas","BR","2022-11-16","2023-10-16","https://www.thespike.gg/team/mibr/10500"
"3097","murizzz","MIBR","americas","BR","","2023-09-05","https://www.thespike.gg/team/mibr/10500"
"1187","DeNaro","MIBR","americas","BR","2022-01-14","2023-01-10","https://www.thespike.gg/team/mibr/10500"
"3271","gtnziN","MIBR","americas","BR","2022-01-14","2023-01-09","https://www.thespike.gg/team/mibr/10500"
"13266","mNdS","MIBR","americas","BR","2022-01-14","2022-11-01","https://www.thespike.gg/team/mibr/10500"
"76962","Txddy1","MIBR","americas","BR","2022-01-14","2022-04-26","https://www.thespike.gg/team/mibr/10500"
"4901","NaturE","Evil Geniuses","americas","US","2024-02-15","2025-12-08","https://www.thespike.gg/team/evil-geniuses/3217"
"13225","icy","Evil Geniuses","americas","US","2024-12-20","2025-11-13","https://www.thespike.gg/team/evil-geniuses/3217"
"3225","sym","Evil Geniuses","americas","US","","2024-10-29","https://www.thespike.gg/team/evil-geniuses/3217"
"4450","Apotheon","Evil Geniuses","americas","CA","2022-04-21","2024-10-25","https://www.thespike.gg/team/evil-geniuses/3217"
"217","Boostio","Evil Geniuses","americas","US","2021-09-27","2024-02-01","https://www.thespike.gg/team/evil-geniuses/3217"
"280","Reformed","Evil Geniuses","americas","CA","2021-01-27","2024-02-01","https://www.thespike.gg/team/evil-geniuses/3217"
"2657","ScrewFace","Evil Geniuses","americas","US","2023-01-24","2024-02-01","https://www.thespike.gg/team/evil-geniuses/3217"
"270","pho","Evil Geniuses","americas","US","2021-06-28","2022-09-01","https://www.thespike.gg/team/evil-geniuses/3217"
"112","YaBoiDre","Evil Geniuses","americas","US","","2022-04-20","https://www.thespike.gg/team/evil-geniuses/3217"
"4447","BRANTED","Evil Geniuses","americas","US","2021-06-28","2022-01-05","https://www.thespike.gg/team/evil-geniuses/3217"
"1937","roca","Evil Geniuses","americas","US","2021-06-28","2022-01-04","https://www.thespike.gg/team/evil-geniuses/3217"
"615","fiziq","Evil Geniuses","americas","US","","2021-11-11","https://www.thespike.gg/team/evil-geniuses/3217"
"1976","Temperature","Evil Geniuses","americas","US","2021-01-27","2021-10-01","https://www.thespike.gg/team/evil-geniuses/3217"
"119","jammyz","Evil Geniuses","americas","US","","2021-10-01","https://www.thespike.gg/team/evil-geniuses/3217"
"14591","truo","Evil Geniuses","americas","CA","","2021-10-01","https://www.thespike.gg/team/evil-geniuses/3217"
"2542","clawdia","Evil Geniuses","americas","US","2021-01-27","2021-06-28","https://www.thespike.gg/team/evil-geniuses/3217"
"2528","Osias","Evil Geniuses","americas","PH","2021-01-27","2021-06-28","https://www.thespike.gg/team/evil-geniuses/3217"
"1985","ALEKSANDAR","Evil Geniuses","americas","US","2021-01-27","2021-06-28","https://www.thespike.gg/team/evil-geniuses/3217"
"73910","Inspire","ENVY","americas","AE","2025-03-08","2026-05-10","https://www.thespike.gg/team/envy/141"
"67279","canezerra","ENVY","americas","US","2025-03-08","2026-04-16","https://www.thespike.gg/team/envy/141"
"60361","CANENEVERBROKE","ENVY","americas","UN","","2025-05-29","https://www.thespike.gg/team/envy/141"
"605","mummAy","ENVY","americas","US","2020-06-06","2021-10-26","https://www.thespike.gg/team/envy/141"
"608","kaboose","ENVY","americas","US","2020-06-06","2021-07-14","https://www.thespike.gg/team/envy/141"
"606","aKis","ENVY","americas","US","2020-06-06","2020-09-19","https://www.thespike.gg/team/envy/141"
"434","c4Lypso","ENVY","americas","CA","2020-06-06","2020-09-19","https://www.thespike.gg/team/envy/141"
"3234","nerve","FURIA","americas","US","2025-12-01","2026-06-19","https://www.thespike.gg/team/furia/3185"
"73139","alym","FURIA","americas","KG","2025-12-01","2026-06-19","https://www.thespike.gg/team/furia/3185"
"15120","Urango","FURIA","americas","BR","2025-05-16","2025-11-06","https://www.thespike.gg/team/furia/3185"
"2353","Adverso","FURIA","americas","CL","","2025-08-22","https://www.thespike.gg/team/furia/3185"
"2952","khalil","FURIA","americas","BR","2021-01-24","2025-05-29","https://www.thespike.gg/team/furia/3185"
"15512","woddy","FURIA","americas","BR","2025-05-16","2025-05-21","https://www.thespike.gg/team/furia/3185"
"32842","havoc","FURIA","americas","BR","2023-10-16","2025-05-20","https://www.thespike.gg/team/furia/3185"
"43525","raafa","FURIA","americas","BR","2024-12-09","2025-05-20","https://www.thespike.gg/team/furia/3185"
"560","pryze","FURIA","americas","BR","2024-03-13","2025-05-15","https://www.thespike.gg/team/furia/3185"
"5289","add3r","FURIA","americas","US","2025-01-16","2025-01-19","https://www.thespike.gg/team/furia/3185"
"617","stellar","FURIA","americas","US","2025-01-16","2025-01-19","https://www.thespike.gg/team/furia/3185"
"537","Nozwerr","FURIA","americas","AR","","2024-11-22","https://www.thespike.gg/team/furia/3185"
"562","xand","FURIA","americas","BR","2021-01-24","2024-10-17","https://www.thespike.gg/team/furia/3185"
"3100","kon4n","FURIA","americas","BR","2023-01-27","2024-06-18","https://www.thespike.gg/team/furia/3185"
"1199","ableJ","FURIA","americas","BR","2022-01-30","2022-11-18","https://www.thespike.gg/team/furia/3185"
"8547","shhhack","G2 Esports","americas","SK","2024-02-18","2025-07-10","https://www.thespike.gg/team/g2-esports/270"
"427","dapr","G2 Esports","americas","US","2022-12-12","2023-07-07","https://www.thespike.gg/team/g2-esports/270"
"1342","AvovA","G2 Esports","americas","DK","2021-06-02","2022-10-18","https://www.thespike.gg/team/g2-esports/270"
"3323","nukkye","G2 Esports","americas","LT","2021-06-02","2022-10-18","https://www.thespike.gg/team/g2-esports/270"
"152","m1xwell","G2 Esports","americas","ES","2020-06-16","2022-10-18","https://www.thespike.gg/team/g2-esports/270"
"3207","hoody","G2 Esports","americas","FI","2021-12-23","2022-10-18","https://www.thespike.gg/team/g2-esports/270"
"137","Meddo","G2 Esports","americas","SE","2021-12-23","2022-10-18","https://www.thespike.gg/team/g2-esports/270"
"2995","keloqz","G2 Esports","americas","FR","2021-06-25","2022-02-25","https://www.thespike.gg/team/g2-esports/270"
"394","koldamenta","G2 Esports","americas","ES","2021-06-02","2021-12-01","https://www.thespike.gg/team/g2-esports/270"
"176","pyth","G2 Esports","americas","SE","2020-06-26","2021-11-13","https://www.thespike.gg/team/g2-esports/270"
"349","zeek","G2 Esports","americas","PL","2021-01-18","2021-06-02","https://www.thespike.gg/team/g2-esports/270"
"47","ardiis","G2 Esports","americas","LV","2020-07-03","2021-06-02","https://www.thespike.gg/team/g2-esports/270"
"1034","ozzy","G2 Esports","americas","GB","2021-04-06","2021-04-20","https://www.thespike.gg/team/g2-esports/270"
"413","davidp","G2 Esports","americas","BE","2020-07-31","2021-03-05","https://www.thespike.gg/team/g2-esports/270"
"474","Sacy","Sentinels","americas","BR","2022-10-15","2024-09-15","https://www.thespike.gg/team/sentinels/12"
"564","pANcada","Sentinels","americas","BR","2022-10-15","2024-02-09","https://www.thespike.gg/team/sentinels/12"
"58","SicK","Sentinels","americas","US","2020-04-28","2023-12-31","https://www.thespike.gg/team/sentinels/12"
"269","kaplan","Sentinels","americas","US","2023-11-16","2023-11-16","https://www.thespike.gg/team/sentinels/12"
"672","dephh","Sentinels","americas","GB","2022-10-18","2023-06-01","https://www.thespike.gg/team/sentinels/12"
"690","Kanpeki","Sentinels","americas","US","2022-04-22","2022-09-22","https://www.thespike.gg/team/sentinels/12"
"30842","shroud","Sentinels","americas","CA","2022-07-08","2022-08-18","https://www.thespike.gg/team/sentinels/12"
"3975","Dani","Sentinels","americas","CA","","2022-05-29","https://www.thespike.gg/team/sentinels/12"
"60","zombs","Sentinels","americas","US","2020-04-28","2022-04-22","https://www.thespike.gg/team/sentinels/12"
"59","sinatraa","Sentinels","americas","US","2020-04-28","2021-09-10","https://www.thespike.gg/team/sentinels/12"
"6087","lz","2GAME Esports","americas","BR","2025-11-26","2026-04-13","https://www.thespike.gg/team/2game-esports/21079"
"67936","ghoul33","2GAME Esports","americas","BR","2025-12-10","2026-01-16","https://www.thespike.gg/team/2game-esports/21079"
"14795","silentzz","2GAME Esports","americas","BR","2024-02-15","2025-10-21","https://www.thespike.gg/team/2game-esports/21079"
"5746","jayp","2GAME Esports","americas","BR","2025-05-14","2025-05-19","https://www.thespike.gg/team/2game-esports/21079"
"29910","askia","2GAME Esports","americas","BR","2025-03-19","2025-05-15","https://www.thespike.gg/team/2game-esports/21079"
"4286","PxS","2GAME Esports","americas","US","2025-03-29","2025-04-29","https://www.thespike.gg/team/2game-esports/21079"
"3270","zap","2GAME Esports","americas","BR","2024-02-15","2025-03-29","https://www.thespike.gg/team/2game-esports/21079"
"75036","faithz0r","2GAME Esports","americas","BR","","2025-01-17","https://www.thespike.gg/team/2game-esports/21079"
"565","vakk","BBL Esports","emea","LT","","2025-03-20","https://www.thespike.gg/team/bbl-esports/340"
"27303","Elite","BBL Esports","emea","TR","2022-10-23","2024-10-16","https://www.thespike.gg/team/bbl-esports/340"
"16957","QutionerX","BBL Esports","emea","TR","2021-12-01","2024-10-14","https://www.thespike.gg/team/bbl-esports/340"
"9234","Brave","BBL Esports","emea","TR","2022-10-19","2024-10-14","https://www.thespike.gg/team/bbl-esports/340"
"345","pAura","BBL Esports","emea","TR","2023-10-27","2024-10-11","https://www.thespike.gg/team/bbl-esports/340"
"4535","lauress","BBL Esports","emea","TR","2023-10-24","2024-02-06","https://www.thespike.gg/team/bbl-esports/340"
"1470","aimDLL","BBL Esports","emea","TR","2022-12-02","2024-01-12","https://www.thespike.gg/team/bbl-esports/340"
"1467","AsLanM4shadoW","BBL Esports","emea","TR","2020-07-21","2024-01-10","https://www.thespike.gg/team/bbl-esports/340"
"329","SouhcNi","BBL Esports","emea","TR","2023-01-02","2023-10-25","https://www.thespike.gg/team/bbl-esports/340"
"344","TURKO","BBL Esports","emea","TR","2022-02-15","2023-10-25","https://www.thespike.gg/team/bbl-esports/340"
"16959","CyderX","BBL Esports","emea","TR","2022-06-30","2022-08-15","https://www.thespike.gg/team/bbl-esports/340"
"13370","Muj","BBL Esports","emea","TR","2021-05-02","2022-02-15","https://www.thespike.gg/team/bbl-esports/340"
"4727","Fred","BBL Esports","emea","TR","2021-06-02","2021-12-17","https://www.thespike.gg/team/bbl-esports/340"
"1469","kero","BBL Esports","emea","TR","2020-07-21","2021-11-01","https://www.thespike.gg/team/bbl-esports/340"
"27788","l0gicman","BBL Esports","emea","TR","2021-06-18","2021-10-31","https://www.thespike.gg/team/bbl-esports/340"
"354","legoo","BBL Esports","emea","TR","2020-07-21","2021-10-31","https://www.thespike.gg/team/bbl-esports/340"
"1466","russ","BBL Esports","emea","TR","2020-07-21","2021-05-21","https://www.thespike.gg/team/bbl-esports/340"
"238","Sayf","Team Vitality","emea","SE","2025-08-18","2025-10-21","https://www.thespike.gg/team/team-vitality/2840"
"3989","ceNder","Team Vitality","emea","LT","2021-02-04","2024-11-01","https://www.thespike.gg/team/team-vitality/2840"
"35219","runneR","Team Vitality","emea","MK","2023-09-16","2024-10-07","https://www.thespike.gg/team/team-vitality/2840"
"5692","BONECOLD","Team Vitality","emea","FI","2022-05-07","2024-01-18","https://www.thespike.gg/team/team-vitality/2840"
"1169","Destrian","Team Vitality","emea","LT","2022-11-11","2024-01-02","https://www.thespike.gg/team/team-vitality/2840"
"1074","Twisten","Team Vitality","emea","CZ","2022-11-11","2023-06-07","https://www.thespike.gg/team/team-vitality/2840"
"4132","baddyG","Team Vitality","emea","PL","2022-05-07","2022-10-21","https://www.thespike.gg/team/team-vitality/2840"
"8523","nataNk","Team Vitality","emea","FR","2022-05-07","2022-10-21","https://www.thespike.gg/team/team-vitality/2840"
"921","bramz","Team Vitality","emea","FR","2021-02-04","2022-04-23","https://www.thespike.gg/team/team-vitality/2840"
"3025","kAdavra","Team Vitality","emea","FR","2021-11-26","2022-04-23","https://www.thespike.gg/team/team-vitality/2840"
"140","ShadoW","Team Vitality","emea","SE","2021-11-26","2022-04-23","https://www.thespike.gg/team/team-vitality/2840"
"34462","pyahpyah","Team Vitality","emea","EU","2021-11-06","2021-11-26","https://www.thespike.gg/team/team-vitality/2840"
"34011","Lightning","Team Vitality","emea","EU","2021-10-31","2021-11-26","https://www.thespike.gg/team/team-vitality/2840"
"4406","roxie","Team Vitality","emea","LT","2021-10-24","2021-11-01","https://www.thespike.gg/team/team-vitality/2840"
"680","l0udly","Team Vitality","emea","LT","2021-10-24","2021-11-01","https://www.thespike.gg/team/team-vitality/2840"
"6035","shalaby","Team Vitality","emea","EG","2021-07-22","2021-08-06","https://www.thespike.gg/team/team-vitality/2840"
"1355","LoWkii","Team Vitality","emea","FR","2021-03-28","2021-08-05","https://www.thespike.gg/team/team-vitality/2840"
"169","JESMUND","Team Vitality","emea","FI","2021-03-28","2021-07-22","https://www.thespike.gg/team/team-vitality/2840"
"853","M4CHINA","Team Vitality","emea","FR","2021-02-04","2021-03-21","https://www.thespike.gg/team/team-vitality/2840"
"2637","feqew","Team Vitality","emea","LT","2021-02-04","2021-03-21","https://www.thespike.gg/team/team-vitality/2840"
"13698","pyrolll","Karmine Corp","emea","EE","2025-08-12","2025-10-09","https://www.thespike.gg/team/karmine-corp/13018"
"33327","tomaszy","Karmine Corp","emea","PT","2023-12-12","2024-11-25","https://www.thespike.gg/team/karmine-corp/13018"
"1377","Shin","Karmine Corp","emea","FR","","2024-10-09","https://www.thespike.gg/team/karmine-corp/13018"
"35550","ENGH","Karmine Corp","emea","RU","2023-12-12","2024-03-01","https://www.thespike.gg/team/karmine-corp/13018"
"1005","mikee","Karmine Corp","emea","FR","2022-05-05","2023-12-12","https://www.thespike.gg/team/karmine-corp/13018"
"1378","Newzera","Karmine Corp","emea","FR","2022-05-05","2023-11-10","https://www.thespike.gg/team/karmine-corp/13018"
"33143","Nivera","Karmine Corp","emea","BE","2022-11-11","2023-11-10","https://www.thespike.gg/team/karmine-corp/13018"
"13374","xms","Karmine Corp","emea","FR","2022-11-11","2023-11-10","https://www.thespike.gg/team/karmine-corp/13018"
"1064","ZE1SH","Karmine Corp","emea","FR","2022-05-05","2023-07-30","https://www.thespike.gg/team/karmine-corp/13018"
"6180","Amilwa","Karmine Corp","emea","DZ","2022-05-05","2023-04-02","https://www.thespike.gg/team/karmine-corp/13018"
"212","TakaS","Karmine Corp","emea","FR","2022-05-05","2023-01-08","https://www.thespike.gg/team/karmine-corp/13018"
"151","ScreaM","Karmine Corp","emea","BE","2022-11-11","","https://www.thespike.gg/team/karmine-corp/13018"
"30024","SerialKiller","Team Liquid","emea","LV","2025-03-19","2025-11-03","https://www.thespike.gg/team/team-liquid/10"
"1337","Redgar","Team Liquid","emea","RU","2022-11-11","2023-11-04","https://www.thespike.gg/team/team-liquid/10"
"50","soulcas","Team Liquid","emea","GB","2020-04-18","2023-09-13","https://www.thespike.gg/team/team-liquid/10"
"156","dimasick","Team Liquid","emea","KZ","2022-08-05","2022-09-18","https://www.thespike.gg/team/team-liquid/10"
"48","L1NK","Team Liquid","emea","GB","2020-04-18","2022-07-29","https://www.thespike.gg/team/team-liquid/10"
"2638","Dreamas","Team Liquid","emea","LT","2022-06-03","2022-07-03","https://www.thespike.gg/team/team-liquid/10"
"46","Kryptix","Team Liquid","emea","GB","2020-04-18","2022-02-09","https://www.thespike.gg/team/team-liquid/10"
"49","ec1s","Team Liquid","emea","GB","2020-04-18","2021-02-24","https://www.thespike.gg/team/team-liquid/10"
"51","Sliggy","Team Liquid","emea","GB","2020-04-18","2020-04-19","https://www.thespike.gg/team/team-liquid/10"
"5897","MrFaliN","FUT Esports","emea","TR","2022-01-06","2026-08-07","https://www.thespike.gg/team/fut-esports/1011"
"4762","ATA KAPTAN","FUT Esports","emea","TR","2022-10-06","2026-08-07","https://www.thespike.gg/team/fut-esports/1011"
"873","qRaxs","FUT Esports","emea","TR","2021-02-21","2026-08-06","https://www.thespike.gg/team/fut-esports/1011"
"16916","baha","FUT Esports","emea","TR","2025-11-19","2026-08-06","https://www.thespike.gg/team/fut-esports/1011"
"51815","ibonata","FUT Esports","emea","TR","","2025-10-15","https://www.thespike.gg/team/fut-esports/1011"
"9143","anima","FUT Esports","emea","TR","2025-10-04","2025-10-12","https://www.thespike.gg/team/fut-esports/1011"
"19199","qw1","FUT Esports","emea","TR","2021-09-24","2024-01-20","https://www.thespike.gg/team/fut-esports/1011"
"4104","MOJJ","FUT Esports","emea","TR","2020-10-12","2023-09-11","https://www.thespike.gg/team/fut-esports/1011"
"28855","woxan","FUT Esports","emea","TR","","2022-11-16","https://www.thespike.gg/team/fut-esports/1011"
"49218","Celasun","FUT Esports","emea","TR","","2022-11-16","https://www.thespike.gg/team/fut-esports/1011"
"4649","p0wa77","FUT Esports","emea","TR","2022-01-06","2022-06-29","https://www.thespike.gg/team/fut-esports/1011"
"1033","SasuKe","FUT Esports","emea","TR","2020-10-12","2022-02-02","https://www.thespike.gg/team/fut-esports/1011"
"1031","STERBEN","FUT Esports","emea","TR","2020-10-12","2022-01-06","https://www.thespike.gg/team/fut-esports/1011"
"16945","hatex","FUT Esports","emea","TR","2021-09-24","2022-01-04","https://www.thespike.gg/team/fut-esports/1011"
"1030","mag0o","FUT Esports","emea","TR","2020-10-12","2021-12-10","https://www.thespike.gg/team/fut-esports/1011"
"4568","Machineris","FUT Esports","emea","TR","2021-09-24","2021-11-25","https://www.thespike.gg/team/fut-esports/1011"
"4558","sianclavera","FUT Esports","emea","TR","2021-09-24","2021-11-19","https://www.thespike.gg/team/fut-esports/1011"
"1032","marqnue","FUT Esports","emea","TR","2020-10-12","2021-02-21","https://www.thespike.gg/team/fut-esports/1011"
"2120","jas","Enterprise Esports","emea","PL","2025-01-22","2025-10-27","https://www.thespike.gg/team/enterprise-esports/249"
"2213","kiles","Enterprise Esports","emea","UA","2025-01-22","2025-10-27","https://www.thespike.gg/team/enterprise-esports/249"
"1827","starki","Enterprise Esports","emea","PL","2025-01-22","2025-10-27","https://www.thespike.gg/team/enterprise-esports/249"
"3326","SH0UTy","Enterprise Esports","emea","CZ","2024-01-13","2024-04-16","https://www.thespike.gg/team/enterprise-esports/249"
"3862","Hasaa","Enterprise Esports","emea","CZ","2024-01-13","2024-04-16","https://www.thespike.gg/team/enterprise-esports/249"
"40180","luky","Enterprise Esports","emea","CZ","","2024-04-16","https://www.thespike.gg/team/enterprise-esports/249"
"1661","PataGod","Enterprise Esports","emea","CZ","","2024-04-16","https://www.thespike.gg/team/enterprise-esports/249"
"27912","Enrik","Enterprise Esports","emea","CZ","2024-01-13","2024-04-16","https://www.thespike.gg/team/enterprise-esports/249"
"22373","Cantzer","Enterprise Esports","emea","CZ","2022-03-27","2024-04-16","https://www.thespike.gg/team/enterprise-esports/249"
"43910","alexiiik","Enterprise Esports","emea","CZ","","2024-01-30","https://www.thespike.gg/team/enterprise-esports/249"
"57137","Nunmeister","Enterprise Esports","emea","CZ","","2024-01-17","https://www.thespike.gg/team/enterprise-esports/249"
"39964","WanZeru","Enterprise Esports","emea","CZ","","2024-01-17","https://www.thespike.gg/team/enterprise-esports/249"
"2947","MaFiN","Enterprise Esports","emea","CZ","","2024-01-17","https://www.thespike.gg/team/enterprise-esports/249"
"3850","MAGiK","Enterprise Esports","emea","NL","","2023-09-10","https://www.thespike.gg/team/enterprise-esports/249"
"42516","ROUSIK","Enterprise Esports","emea","CZ","","2023-09-10","https://www.thespike.gg/team/enterprise-esports/249"
"14778","bucher","Enterprise Esports","emea","DE","2023-06-21","2023-06-22","https://www.thespike.gg/team/enterprise-esports/249"
"838","Dext","Enterprise Esports","emea","SK","","2023-01-01","https://www.thespike.gg/team/enterprise-esports/249"
"1073","Rias","Enterprise Esports","emea","CZ","","2022-10-19","https://www.thespike.gg/team/enterprise-esports/249"
"20084","Elysium","Enterprise Esports","emea","CZ","","2022-09-10","https://www.thespike.gg/team/enterprise-esports/249"
"1050","Adamelo","Enterprise Esports","emea","CZ","2020-04-19","2021-02-09","https://www.thespike.gg/team/enterprise-esports/249"
"1051","bruclon","Enterprise Esports","emea","CZ","2020-05-18","2021-02-09","https://www.thespike.gg/team/enterprise-esports/249"
"840","ErycC","Enterprise Esports","emea","CZ","2020-10-22","2021-02-09","https://www.thespike.gg/team/enterprise-esports/249"
"1052","cDe","Enterprise Esports","emea","CZ","2020-04-19","2020-10-22","https://www.thespike.gg/team/enterprise-esports/249"
"1053","lifeR","Enterprise Esports","emea","CZ","2020-04-19","2020-08-10","https://www.thespike.gg/team/enterprise-esports/249"
"1059","tomkeejs","Enterprise Esports","emea","CZ","2020-07-02","2020-07-02","https://www.thespike.gg/team/enterprise-esports/249"
"65034","Samed","Eintracht Frankfurt","emea","AT","","2026-01-12","https://www.thespike.gg/team/eintracht-frankfurt/20908"
"51632","kami","Eintracht Frankfurt","emea","EU","","2025-12-08","https://www.thespike.gg/team/eintracht-frankfurt/20908"
"20765","stev0r","Eintracht Frankfurt","emea","DE","","2025-11-27","https://www.thespike.gg/team/eintracht-frankfurt/20908"
"3244","Obnoks","Eintracht Frankfurt","emea","DE","","2025-11-27","https://www.thespike.gg/team/eintracht-frankfurt/20908"
"16427","Leosen","Eintracht Frankfurt","emea","DE","2024-01-08","2025-11-23","https://www.thespike.gg/team/eintracht-frankfurt/20908"
"6005","Disisjohn","Eintracht Frankfurt","emea","DE","2024-09-12","2025-11-23","https://www.thespike.gg/team/eintracht-frankfurt/20908"
"6015","Luc1d","Eintracht Frankfurt","emea","DE","","2025-11-18","https://www.thespike.gg/team/eintracht-frankfurt/20908"
"50739","sumi","Eintracht Frankfurt","emea","EU","","2025-11-17","https://www.thespike.gg/team/eintracht-frankfurt/20908"
"82685","Leon","Eintracht Frankfurt","emea","DE","","2025-11-17","https://www.thespike.gg/team/eintracht-frankfurt/20908"
"79709","Agent Red","Eintracht Frankfurt","emea","EU","","2025-11-17","https://www.thespike.gg/team/eintracht-frankfurt/20908"
"22302","Felix","Eintracht Frankfurt","emea","DE","2025-06-24","2025-11-17","https://www.thespike.gg/team/eintracht-frankfurt/20908"
"14419","xanarchy","Eintracht Frankfurt","emea","DE","","2024-12-11","https://www.thespike.gg/team/eintracht-frankfurt/20908"
"52368","eNes","Eintracht Frankfurt","emea","AT","","2024-12-11","https://www.thespike.gg/team/eintracht-frankfurt/20908"
"6297","Shazeon","Eintracht Frankfurt","emea","DE","","2024-12-11","https://www.thespike.gg/team/eintracht-frankfurt/20908"
"75041","Agent Black","Eintracht Frankfurt","emea","EU","","2024-12-05","https://www.thespike.gg/team/eintracht-frankfurt/20908"
"75042","Agent White","Eintracht Frankfurt","emea","EU","","2024-12-05","https://www.thespike.gg/team/eintracht-frankfurt/20908"
"144","luckeRRR","Eintracht Frankfurt","emea","DE","","2024-09-05","https://www.thespike.gg/team/eintracht-frankfurt/20908"
"35078","Deminatix","Fire Flux Esports","emea","TR","2026-01-05","2026-07-24","https://www.thespike.gg/team/fire-flux-esports/6543"
"16863","dRKY","Fire Flux Esports","emea","TR","","2026-07-24","https://www.thespike.gg/team/fire-flux-esports/6543"
"16881","ip0TT","Fire Flux Esports","emea","TR","2026-01-05","2026-07-24","https://www.thespike.gg/team/fire-flux-esports/6543"
"79624","ef1sS","Fire Flux Esports","emea","TR","2026-01-05","2026-07-24","https://www.thespike.gg/team/fire-flux-esports/6543"
"85799","FF dRKYYYYYYYYYY","Fire Flux Esports","emea","EU","","2026-07-24","https://www.thespike.gg/team/fire-flux-esports/6543"
"85800","FF Celasun","Fire Flux Esports","emea","EU","","2026-07-24","https://www.thespike.gg/team/fire-flux-esports/6543"
"22664","Jaskier","Fire Flux Esports","emea","TR","2026-03-25","2026-05-08","https://www.thespike.gg/team/fire-flux-esports/6543"
"22155","Whiteslow","Fire Flux Esports","emea","TR","2026-01-05","2026-05-05","https://www.thespike.gg/team/fire-flux-esports/6543"
"56338","pawn1","Fire Flux Esports","emea","TR","2026-01-05","2026-05-05","https://www.thespike.gg/team/fire-flux-esports/6543"
"4554","Burzzy","Fire Flux Esports","emea","TR","2025-06-28","2025-11-09","https://www.thespike.gg/team/fire-flux-esports/6543"
"72966","oroni","Fire Flux Esports","emea","TR","2025-06-28","2025-11-06","https://www.thespike.gg/team/fire-flux-esports/6543"
"81543","Gloomy","Fire Flux Esports","emea","EU","","2025-10-09","https://www.thespike.gg/team/fire-flux-esports/6543"
"44176","Lusadris","Fire Flux Esports","emea","TR","","2025-10-09","https://www.thespike.gg/team/fire-flux-esports/6543"
"4536","MerSa","Fire Flux Esports","emea","TR","2025-06-28","2025-09-23","https://www.thespike.gg/team/fire-flux-esports/6543"
"4714","OXMANN","Fire Flux Esports","emea","TR","2025-03-15","2025-08-31","https://www.thespike.gg/team/fire-flux-esports/6543"
"72965","Lava","Fire Flux Esports","emea","TR","2025-05-23","2025-08-31","https://www.thespike.gg/team/fire-flux-esports/6543"
"79705","tzx","Fire Flux Esports","emea","EU","","2025-06-28","https://www.thespike.gg/team/fire-flux-esports/6543"
"73173","influx","Fire Flux Esports","emea","TR","2025-01-17","2025-06-17","https://www.thespike.gg/team/fire-flux-esports/6543"
"22555","Zeask","Fire Flux Esports","emea","EU","","2025-05-28","https://www.thespike.gg/team/fire-flux-esports/6543"
"17686","Bard0lf","Fire Flux Esports","emea","TR","","2025-05-27","https://www.thespike.gg/team/fire-flux-esports/6543"
"23846","musz3kk","Fire Flux Esports","emea","TR","","2025-05-15","https://www.thespike.gg/team/fire-flux-esports/6543"
"4747","JN3v1cEEEEdf","Fire Flux Esports","emea","TR","2021-11-03","2025-05-12","https://www.thespike.gg/team/fire-flux-esports/6543"
"4716","Docent","Fire Flux Esports","emea","TR","2025-01-17","2025-04-21","https://www.thespike.gg/team/fire-flux-esports/6543"
"66493","kabzi","Fire Flux Esports","emea","TR","","2025-03-04","https://www.thespike.gg/team/fire-flux-esports/6543"
"16891","w0zzip","Fire Flux Esports","emea","TR","2023-08-09","2024-07-30","https://www.thespike.gg/team/fire-flux-esports/6543"
"4648","jeyj7y","Fire Flux Esports","emea","TR","2023-03-19","2023-07-08","https://www.thespike.gg/team/fire-flux-esports/6543"
"4718","jlerst","Fire Flux Esports","emea","TR","2023-03-19","2023-07-08","https://www.thespike.gg/team/fire-flux-esports/6543"
"4567","Destructive","Fire Flux Esports","emea","TR","2022-12-27","2023-03-19","https://www.thespike.gg/team/fire-flux-esports/6543"
"7054","WerlasS","Fire Flux Esports","emea","TR","2022-12-28","2023-03-19","https://www.thespike.gg/team/fire-flux-esports/6543"
"4820","skyLeN","Fire Flux Esports","emea","TR","2021-05-30","2022-08-26","https://www.thespike.gg/team/fire-flux-esports/6543"
"36707","VenTT","Fire Flux Esports","emea","TR","","2022-06-30","https://www.thespike.gg/team/fire-flux-esports/6543"
"4575","Brasco","Fire Flux Esports","emea","TR","2021-05-30","2022-03-11","https://www.thespike.gg/team/fire-flux-esports/6543"
"343","Rip","Fire Flux Esports","emea","TR","2021-05-30","2022-02-01","https://www.thespike.gg/team/fire-flux-esports/6543"
"4745","jonx","Fire Flux Esports","emea","TR","2021-10-18","2022-01-27","https://www.thespike.gg/team/fire-flux-esports/6543"
"33532","bêk0","Fire Flux Esports","emea","TR","2021-11-24","2021-11-30","https://www.thespike.gg/team/fire-flux-esports/6543"
"3974","lurzy0y0","Fire Flux Esports","emea","TR","2021-05-30","2021-11-02","https://www.thespike.gg/team/fire-flux-esports/6543"
"5712","otom","FNATIC","emea","GB","2022-03-03","2022-04-28","https://www.thespike.gg/team/fnatic/531"
"160","dinkzj","FNATIC","emea","RU","2020-08-13","2020-09-29","https://www.thespike.gg/team/fnatic/531"
"4836","BerserX","Team Secret","pacific","ID","2025-12-24","2026-07-13","https://www.thespike.gg/team/team-secret/8581"
"1311","JessieVash","Team Secret","pacific","PH","2021-09-09","2026-06-12","https://www.thespike.gg/team/team-secret/8581"
"49961","TenTen","Team Secret","pacific","KR","2025-12-23","2026-03-24","https://www.thespike.gg/team/team-secret/8581"
"82559","TS Xan","Team Secret","pacific","UN","","2025-11-16","https://www.thespike.gg/team/team-secret/8581"
"82560","TS PTC","Team Secret","pacific","UN","","2025-11-16","https://www.thespike.gg/team/team-secret/8581"
"1253","Famouz","Team Secret","pacific","ID","","2025-10-30","https://www.thespike.gg/team/team-secret/8581"
"71665","Pr0digy","Team Secret","pacific","VN","","2025-10-29","https://www.thespike.gg/team/team-secret/8581"
"16759","Wild0reoo","Team Secret","pacific","PH","2024-05-23","2025-10-22","https://www.thespike.gg/team/team-secret/8581"
"2707","Nizzy","Team Secret","pacific","VN","2025-05-15","2025-10-22","https://www.thespike.gg/team/team-secret/8581"
"1300","Zesbeew","Team Secret","pacific","SG","2025-05-15","2025-10-15","https://www.thespike.gg/team/team-secret/8581"
"5515","Jremy","Team Secret","pacific","PH","2022-01-22","2025-08-10","https://www.thespike.gg/team/team-secret/8581"
"16752","2GE","Team Secret","pacific","PH","2024-05-23","2025-05-13","https://www.thespike.gg/team/team-secret/8581"
"22089","NDG","Team Secret","pacific","PH","2023-10-23","2024-08-20","https://www.thespike.gg/team/team-secret/8581"
"1310","BORKUM","Team Secret","pacific","PH","2021-09-09","2024-05-21","https://www.thespike.gg/team/team-secret/8581"
"2919","DubsteP","Team Secret","pacific","PH","2021-09-09","2023-09-17","https://www.thespike.gg/team/team-secret/8581"
"15743","lenne","Team Secret","pacific","SG","2022-12-18","2023-09-17","https://www.thespike.gg/team/team-secret/8581"
"19039","witz","Team Secret","pacific","PH","2021-09-09","2022-11-07","https://www.thespike.gg/team/team-secret/8581"
"1312","Dispenser","Team Secret","pacific","PH","2021-09-09","2022-09-23","https://www.thespike.gg/team/team-secret/8581"
"42104","Estrella","Rex Regum Qeon","pacific","KR","2023-09-12","2025-03-30","https://www.thespike.gg/team/rex-regum-qeon/686"
"12758","Lmemore","Rex Regum Qeon","pacific","ID","2022-10-22","2024-10-07","https://www.thespike.gg/team/rex-regum-qeon/686"
"8246","fl1pzjder","Rex Regum Qeon","pacific","ID","2022-10-14","2024-05-29","https://www.thespike.gg/team/rex-regum-qeon/686"
"5513","EJAY","Rex Regum Qeon","pacific","PH","2022-10-08","2023-09-18","https://www.thespike.gg/team/rex-regum-qeon/686"
"16832","Emman","Rex Regum Qeon","pacific","PH","2022-07-11","2023-09-11","https://www.thespike.gg/team/rex-regum-qeon/686"
"5500","Nexi","Rex Regum Qeon","pacific","PH","2022-03-14","2022-10-27","https://www.thespike.gg/team/rex-regum-qeon/686"
"5498","Draxiimov","Rex Regum Qeon","pacific","PH","2022-03-14","2022-10-08","https://www.thespike.gg/team/rex-regum-qeon/686"
"16834","Kevzii","Rex Regum Qeon","pacific","PH","2022-07-11","2022-10-08","https://www.thespike.gg/team/rex-regum-qeon/686"
"5516","Rabbet","Rex Regum Qeon","pacific","PH","2022-01-11","2022-07-07","https://www.thespike.gg/team/rex-regum-qeon/686"
"16755","Flash","Rex Regum Qeon","pacific","PH","2022-01-11","2022-07-07","https://www.thespike.gg/team/rex-regum-qeon/686"
"31076","Hemsyxx","Rex Regum Qeon","pacific","PH","2022-01-03","2022-03-01","https://www.thespike.gg/team/rex-regum-qeon/686"
"16812","Tr1X","Rex Regum Qeon","pacific","PH","2022-01-03","2022-03-01","https://www.thespike.gg/team/rex-regum-qeon/686"
"2921","Nextjacks","Rex Regum Qeon","pacific","ID","","2021-12-01","https://www.thespike.gg/team/rex-regum-qeon/686"
"2922","talent7","Rex Regum Qeon","pacific","ID","","2021-12-01","https://www.thespike.gg/team/rex-regum-qeon/686"
"1298","adrnking","Rex Regum Qeon","pacific","ID","2021-06-08","2021-12-01","https://www.thespike.gg/team/rex-regum-qeon/686"
"12390","maestro","Rex Regum Qeon","pacific","ID","","2021-12-01","https://www.thespike.gg/team/rex-regum-qeon/686"
"15890","xyNe","Rex Regum Qeon","pacific","ID","","2021-10-01","https://www.thespike.gg/team/rex-regum-qeon/686"
"2923","KingLeo","Rex Regum Qeon","pacific","ID","","2021-05-07","https://www.thespike.gg/team/rex-regum-qeon/686"
"2925","f1re","Rex Regum Qeon","pacific","ID","","2021-05-07","https://www.thespike.gg/team/rex-regum-qeon/686"
"2924","frostmisty","Rex Regum Qeon","pacific","ID","","2021-01-01","https://www.thespike.gg/team/rex-regum-qeon/686"
"8369","NOBITA","QTDIG","pacific","JP","2022-12-05","2025-08-31","https://www.thespike.gg/team/qt-dig/21"
"66272","Gwangboong","QTDIG","pacific","KR","2024-10-06","2025-07-31","https://www.thespike.gg/team/qt-dig/21"
"62100","gatorada","QTDIG","pacific","JP","2023-03-26","2024-09-18","https://www.thespike.gg/team/qt-dig/21"
"1850","Fisker","QTDIG","pacific","JP","2022-12-28","2023-07-28","https://www.thespike.gg/team/qt-dig/21"
"778","Npoint","QTDIG","pacific","JP","2022-12-05","2023-07-03","https://www.thespike.gg/team/qt-dig/21"
"46632","Vici","QTDIG","pacific","RU","2022-12-05","2023-03-09","https://www.thespike.gg/team/qt-dig/21"
"29497","Senpai","QTDIG","pacific","JP","","2022-12-13","https://www.thespike.gg/team/qt-dig/21"
"18836","Art","QTDIG","pacific","JP","2021-09-28","2022-12-05","https://www.thespike.gg/team/qt-dig/21"
"97","Zerost","QTDIG","pacific","JP","2022-05-09","2022-11-28","https://www.thespike.gg/team/qt-dig/21"
"4014","kobra","QTDIG","pacific","KR","2021-09-28","2022-04-03","https://www.thespike.gg/team/qt-dig/21"
"29417","GangPin","QTDIG","pacific","KR","2021-09-28","2022-04-03","https://www.thespike.gg/team/qt-dig/21"
"8176","thiefy","QTDIG","pacific","JP","","2022-04-03","https://www.thespike.gg/team/qt-dig/21"
"33291","Tfy","QTDIG","pacific","JP","2021-09-28","2022-02-01","https://www.thespike.gg/team/qt-dig/21"
"101","Pepper","QTDIG","pacific","JP","2020-05-12","2021-04-30","https://www.thespike.gg/team/qt-dig/21"
"1833","Derialy","QTDIG","pacific","JP","2020-07-31","2021-04-30","https://www.thespike.gg/team/qt-dig/21"
"1834","hyouka","QTDIG","pacific","JP","2020-07-31","2021-04-30","https://www.thespike.gg/team/qt-dig/21"
"1965","timatin","QTDIG","pacific","JP","","2021-04-30","https://www.thespike.gg/team/qt-dig/21"
"17052","Merieux","QTDIG","pacific","JP","2021-02-04","2021-04-30","https://www.thespike.gg/team/qt-dig/21"
"17053","citrous","QTDIG","pacific","JP","2021-02-04","2021-03-08","https://www.thespike.gg/team/qt-dig/21"
"3022","Shuzz","QTDIG","pacific","KR","2020-10-08","2021-02-04","https://www.thespike.gg/team/qt-dig/21"
"1835","Odenkunn","QTDIG","pacific","JP","2020-07-31","2020-10-08","https://www.thespike.gg/team/qt-dig/21"
"98","Aktm","QTDIG","pacific","JP","2020-05-08","2020-07-31","https://www.thespike.gg/team/qt-dig/21"
"99","himajun","QTDIG","pacific","JP","2020-05-08","2020-07-31","https://www.thespike.gg/team/qt-dig/21"
"100","Flame","QTDIG","pacific","JP","2020-05-12","2020-07-31","https://www.thespike.gg/team/qt-dig/21"
"23947","JA","XIPTO Esports","pacific","PH","2025-03-12","2026-06-03","https://www.thespike.gg/team/xipto-esports/22293"
"85766","2766","XIPTO Esports","pacific","PH","","2026-06-02","https://www.thespike.gg/team/xipto-esports/22293"
"85582","XIP yokam","XIPTO Esports","pacific","UN","","2026-05-27","https://www.thespike.gg/team/xipto-esports/22293"
"23948","azys","XIPTO Esports","pacific","PH","2025-01-14","2026-05-26","https://www.thespike.gg/team/xipto-esports/22293"
"20892","Hotsauz","XIPTO Esports","pacific","PH","2025-03-12","2026-05-25","https://www.thespike.gg/team/xipto-esports/22293"
"82024","13RD","XIPTO Esports","pacific","UN","2025-01-14","2026-02-23","https://www.thespike.gg/team/xipto-esports/22293"
"70795","Fixy","XIPTO Esports","pacific","MY","","2026-01-14","https://www.thespike.gg/team/xipto-esports/22293"
"10191","Riza","XIPTO Esports","pacific","MY","","2026-01-14","https://www.thespike.gg/team/xipto-esports/22293"
"14024","Suka","XIPTO Esports","pacific","VN","","2025-05-02","https://www.thespike.gg/team/xipto-esports/22293"
"10225","markL","XIPTO Esports","pacific","MY","","2025-02-16","https://www.thespike.gg/team/xipto-esports/22293"
"15723","Flaring","XIPTO Esports","pacific","SG","","2025-02-15","https://www.thespike.gg/team/xipto-esports/22293"
"75128","Iceyyy","XIPTO Esports","pacific","UN","","2025-01-14","https://www.thespike.gg/team/xipto-esports/22293"
"741","Dep","ZETA DIVISION","pacific","JP","2021-12-01","2025-12-14","https://www.thespike.gg/team/zeta-division/4"
"2007","CLZ","ZETA DIVISION","pacific","JP","2024-10-16","2025-10-20","https://www.thespike.gg/team/zeta-division/4"
"1882","TENNN","ZETA DIVISION","pacific","JP","2024-07-31","2025-07-31","https://www.thespike.gg/team/zeta-division/4"
"18862","hiroronn","ZETA DIVISION","pacific","JP","2023-11-01","2025-03-10","https://www.thespike.gg/team/zeta-division/4"
"4","barce","ZETA DIVISION","pacific","JP","2022-10-24","2024-10-16","https://www.thespike.gg/team/zeta-division/4"
"8177","makiba7","ZETA DIVISION","pacific","JP","","2024-10-16","https://www.thespike.gg/team/zeta-division/4"
"3","crow","ZETA DIVISION","pacific","JP","2020-04-07","2023-09-29","https://www.thespike.gg/team/zeta-division/4"
"5","takej","ZETA DIVISION","pacific","JP","2020-04-07","2022-10-24","https://www.thespike.gg/team/zeta-division/4"
"2","Reita","ZETA DIVISION","pacific","JP","2020-04-07","2021-12-01","https://www.thespike.gg/team/zeta-division/4"
"6","JUNiOR","ZETA DIVISION","pacific","JP","2020-04-07","2020-04-08","https://www.thespike.gg/team/zeta-division/4"
"13181","Persia","Nongshim RedForce","pacific","KR","2024-11-26","2025-10-31","https://www.thespike.gg/team/nongshim-redforce/16920"
"70832","Kally","Nongshim RedForce","pacific","KR","2024-10-10","2024-12-24","https://www.thespike.gg/team/nongshim-redforce/16920"
"46445","Banger","Nongshim RedForce","pacific","KR","2024-10-23","2024-12-24","https://www.thespike.gg/team/nongshim-redforce/16920"
"42068","Cloy","Nongshim RedForce","pacific","KR","2024-05-24","2024-12-24","https://www.thespike.gg/team/nongshim-redforce/16920"
"42098","SID","Nongshim RedForce","pacific","KR","2024-05-24","2024-12-24","https://www.thespike.gg/team/nongshim-redforce/16920"
"42152","yoman","Nongshim RedForce","pacific","KR","2024-02-20","2024-10-23","https://www.thespike.gg/team/nongshim-redforce/16920"
"42093","Rap1d","Nongshim RedForce","pacific","KR","2024-02-20","2024-05-14","https://www.thespike.gg/team/nongshim-redforce/16920"
"4048","Yohan","Nongshim RedForce","pacific","KR","2024-02-20","2024-05-14","https://www.thespike.gg/team/nongshim-redforce/16920"
"69618","NS Foxar","Nongshim RedForce","pacific","KR","","2024-04-10","https://www.thespike.gg/team/nongshim-redforce/16920"
"15869","pr0xy","Nongshim RedForce","pacific","KR","2022-12-16","2023-11-09","https://www.thespike.gg/team/nongshim-redforce/16920"
"3502","Jeong Hi","Nongshim RedForce","pacific","KR","","2023-10-03","https://www.thespike.gg/team/nongshim-redforce/16920"
"82977","FS Kadoom","FULL SENSE","pacific","KR","","2026-01-01","https://www.thespike.gg/team/full-sense/287"
"27188","qqGOD","FULL SENSE","pacific","TH","2025-07-07","2025-12-10","https://www.thespike.gg/team/full-sense/287"
"82055","Chizuru","FULL SENSE","pacific","UN","","2025-11-05","https://www.thespike.gg/team/full-sense/287"
"1234","THEE","FULL SENSE","pacific","TH","2023-09-03","2025-01-13","https://www.thespike.gg/team/full-sense/287"
"3927","JohnOlsen","FULL SENSE","pacific","TH","2021-04-16","2025-01-10","https://www.thespike.gg/team/full-sense/287"
"3926","LAMMYSNAX","FULL SENSE","pacific","TH","2021-04-16","2025-01-10","https://www.thespike.gg/team/full-sense/287"
"2611","sushiboys","FULL SENSE","pacific","TH","2023-10-14","2025-01-10","https://www.thespike.gg/team/full-sense/287"
"3599","Foxz","FULL SENSE","pacific","TH","2023-10-15","2024-10-31","https://www.thespike.gg/team/full-sense/287"
"53855","Blackmambruh","FULL SENSE","pacific","TH","2024-10-10","2024-10-27","https://www.thespike.gg/team/full-sense/287"
"3928","SuperBusS","FULL SENSE","pacific","TH","2021-06-25","2023-09-10","https://www.thespike.gg/team/full-sense/287"
"30244","Fluky","FULL SENSE","pacific","TH","2022-12-30","2023-09-10","https://www.thespike.gg/team/full-sense/287"
"39217","Teerapong","FULL SENSE","pacific","TH","2022-12-30","2023-06-19","https://www.thespike.gg/team/full-sense/287"
"3925","ChAlalalala","FULL SENSE","pacific","TH","2021-04-16","2022-12-22","https://www.thespike.gg/team/full-sense/287"
"3929","Zelyn","FULL SENSE","pacific","TH","2021-04-16","2021-06-25","https://www.thespike.gg/team/full-sense/287"
"1232","BOOMBURAPA","FULL SENSE","pacific","TH","2021-01-26","2021-04-14","https://www.thespike.gg/team/full-sense/287"
"1233","patt","FULL SENSE","pacific","TH","2021-04-01","2021-04-05","https://www.thespike.gg/team/full-sense/287"
"1235","newgen","FULL SENSE","pacific","TH","2021-01-26","2021-04-05","https://www.thespike.gg/team/full-sense/287"
"5661","AloNeFillz","FULL SENSE","pacific","TH","","2021-04-05","https://www.thespike.gg/team/full-sense/287"
"13120","Jdaii","FULL SENSE","pacific","TH","2021-01-26","2021-04-05","https://www.thespike.gg/team/full-sense/287"
"1231","mush2oom","FULL SENSE","pacific","TH","2020-07-18","2021-01-10","https://www.thespike.gg/team/full-sense/287"
"12715","J9Superfast","FULL SENSE","pacific","TH","2020-11-26","2021-01-10","https://www.thespike.gg/team/full-sense/287"
"13176","dawny","FULL SENSE","pacific","TH","","2021-01-01","https://www.thespike.gg/team/full-sense/287"
"3119","Pooh1Tap","FULL SENSE","pacific","TH","","2020-11-05","https://www.thespike.gg/team/full-sense/287"
"54173","Carpe","T1","pacific","KR","2022-11-11","2026-07-11","https://www.thespike.gg/team/t1/2"
"18888","xccurate","T1","pacific","ID","2023-09-12","2025-01-08","https://www.thespike.gg/team/t1/2"
"4133","Sayaplayer","T1","pacific","KR","2022-10-22","2024-10-08","https://www.thespike.gg/team/t1/2"
"451","iNTRO","T1","pacific","KR","2023-03-10","2023-09-12","https://www.thespike.gg/team/t1/2"
"5226","Ban","T1","pacific","KR","2022-08-10","2023-09-12","https://www.thespike.gg/team/t1/2"
"53293","BeomJun","T1","pacific","KR","2022-10-22","2023-03-10","https://www.thespike.gg/team/t1/2"
"303","thwifo","T1","pacific","US","2021-10-22","2022-12-01","https://www.thespike.gg/team/t1/2"
"2118","steel","T1","pacific","CA","2021-12-06","2022-08-22","https://www.thespike.gg/team/t1/2"
"14064","dynamic","T1","pacific","US","2022-03-21","2022-08-16","https://www.thespike.gg/team/t1/2"
"13002","pwny","T1","pacific","US","2022-01-11","2022-08-10","https://www.thespike.gg/team/t1/2"
"281","Skadoodle","T1","pacific","US","2020-06-03","2022-01-10","https://www.thespike.gg/team/t1/2"
"17029","autimatic","T1","pacific","US","2021-02-04","2022-01-10","https://www.thespike.gg/team/t1/2"
"22","Brax","T1","pacific","US","2020-03-09","2021-10-21","https://www.thespike.gg/team/t1/2"
"632","dawn","T1","pacific","US","2021-06-25","2021-08-30","https://www.thespike.gg/team/t1/2"
"4002","DaZeD","T1","pacific","US","2020-10-12","2021-06-25","https://www.thespike.gg/team/t1/2"
"21484","ANS","T1","pacific","KR","2021-03-19","2021-04-08","https://www.thespike.gg/team/t1/2"
"23","AZK","T1","pacific","CA","2020-04-07","2021-02-08","https://www.thespike.gg/team/t1/2"
"84","fRoD","T1","pacific","US","2020-08-16","2020-08-17","https://www.thespike.gg/team/t1/2"
"73301","gyen","DetonatioN FocusMe","pacific","JP","2024-10-15","2025-12-31","https://www.thespike.gg/team/detonation-focusme/174"
"725","Medusa","DetonatioN FocusMe","pacific","KR","2024-10-01","2024-10-07","https://www.thespike.gg/team/detonation-focusme/174"
"8260","Anthem","DetonatioN FocusMe","pacific","JP","2022-10-24","2024-10-07","https://www.thespike.gg/team/detonation-focusme/174"
"1845","neth","DetonatioN FocusMe","pacific","JP","2024-10-01","2024-10-07","https://www.thespike.gg/team/detonation-focusme/174"
"2116","popogachi","DetonatioN FocusMe","pacific","JP","2023-11-28","2024-05-23","https://www.thespike.gg/team/detonation-focusme/174"
"4096","Suggest","DetonatioN FocusMe","pacific","KR","2022-10-24","2024-02-05","https://www.thespike.gg/team/detonation-focusme/174"
"4392","JoXJo","DetonatioN FocusMe","pacific","KR","","2024-02-05","https://www.thespike.gg/team/detonation-focusme/174"
"8235","xnfri","DetonatioN FocusMe","pacific","JP","2022-10-24","2023-10-18","https://www.thespike.gg/team/detonation-focusme/174"
"18843","Seoldam","DetonatioN FocusMe","pacific","KR","2022-10-24","2023-09-11","https://www.thespike.gg/team/detonation-focusme/174"
"35532","HSK","DetonatioN FocusMe","pacific","KR","2021-12-21","2022-10-24","https://www.thespike.gg/team/detonation-focusme/174"
"23465","Killer0714","DetonatioN FocusMe","pacific","JP","","2022-07-01","https://www.thespike.gg/team/detonation-focusme/174"
"34991","Melofovia","DetonatioN FocusMe","pacific","JP","2021-10-10","2022-05-10","https://www.thespike.gg/team/detonation-focusme/174"
"34990","Machao","DetonatioN FocusMe","pacific","JP","2021-10-10","2022-04-01","https://www.thespike.gg/team/detonation-focusme/174"
"42628","ShirleyAstre","DetonatioN FocusMe","pacific","JP","","2022-04-01","https://www.thespike.gg/team/detonation-focusme/174"
"732","mystic","DetonatioN FocusMe","pacific","KR","2020-06-17","2021-07-01","https://www.thespike.gg/team/detonation-focusme/174"
"734","ZodiaX","DetonatioN FocusMe","pacific","JP","2020-06-17","2021-07-01","https://www.thespike.gg/team/detonation-focusme/174"
"18853","zkkng","DetonatioN FocusMe","pacific","JP","","2021-07-01","https://www.thespike.gg/team/detonation-focusme/174"
"731","mittiii","DetonatioN FocusMe","pacific","JP","2020-06-17","2021-06-20","https://www.thespike.gg/team/detonation-focusme/174"
"3109","HATE","DetonatioN FocusMe","pacific","KR","2021-03-23","2021-05-27","https://www.thespike.gg/team/detonation-focusme/174"
"733","STABA","DetonatioN FocusMe","pacific","JP","2020-06-17","2021-03-22","https://www.thespike.gg/team/detonation-focusme/174"
"66717","Flashback","Kiwoom DRX","pacific","KR","2025-07-07","2026-01-08","https://www.thespike.gg/team/kiwoom-drx/635"
"73534","Athan","Kiwoom DRX","pacific","KR","","2025-01-05","https://www.thespike.gg/team/kiwoom-drx/635"
"2610","Zest","Kiwoom DRX","pacific","KR","2020-06-07","2024-03-28","https://www.thespike.gg/team/kiwoom-drx/635"
"2608","k1Ng","Kiwoom DRX","pacific","KR","2020-06-07","2022-06-24","https://www.thespike.gg/team/kiwoom-drx/635"
"3383","Lakia","Kiwoom DRX","pacific","KR","2021-07-02","2022-01-23","https://www.thespike.gg/team/kiwoom-drx/635"
"70823","froz","Onside Gaming","pacific","KR","2025-06-26","2025-09-03","https://www.thespike.gg/team/onside-gaming/24257"
"69614","SLT Kira3","SLT Seongnam","pacific","KR","2024-02-19","2024-05-22","https://www.thespike.gg/team/slt-seongnam/18541"
"73545","WoodAy1","EDward Gaming","china","CN","2024-06-15","2026-01-17","https://www.thespike.gg/team/edward-gaming/2782"
"73742","EDG Toast","EDward Gaming","china","KR","","2024-11-04","https://www.thespike.gg/team/edward-gaming/2782"
"73743","EDG Potter","EDward Gaming","china","KR","","2024-11-04","https://www.thespike.gg/team/edward-gaming/2782"
"77877","AfteR","EDward Gaming","china","TW","","2024-10-19","https://www.thespike.gg/team/edward-gaming/2782"
"13248","Boommmm","EDward Gaming","china","CN","","2021-06-01","https://www.thespike.gg/team/edward-gaming/2782"
"81168","rin","Bilibili Gaming","china","CN","2025-08-26","2025-08-31","https://www.thespike.gg/team/bilibili-gaming/17870"
"81166","M1ng929","Bilibili Gaming","china","CN","2025-08-26","2025-08-31","https://www.thespike.gg/team/bilibili-gaming/17870"
"81165","Baibai","Bilibili Gaming","china","CN","2025-08-26","2025-08-31","https://www.thespike.gg/team/bilibili-gaming/17870"
"81164","Gin","Bilibili Gaming","china","VN","2025-08-26","2025-08-31","https://www.thespike.gg/team/bilibili-gaming/17870"
"25914","YuChEn","Bilibili Gaming","china","CN","2025-05-07","2025-06-07","https://www.thespike.gg/team/bilibili-gaming/17870"
"79325","Rain","Bilibili Gaming","china","CN","2025-05-07","2025-06-07","https://www.thespike.gg/team/bilibili-gaming/17870"
"79324","DC","Bilibili Gaming","china","CN","2025-05-07","2025-06-07","https://www.thespike.gg/team/bilibili-gaming/17870"
"79323","XiaoJue","Bilibili Gaming","china","CN","2025-05-07","2025-06-07","https://www.thespike.gg/team/bilibili-gaming/17870"
"79326","Akite","Bilibili Gaming","china","CN","2025-05-07","2025-06-07","https://www.thespike.gg/team/bilibili-gaming/17870"
"42673","B3Ar","Bilibili Gaming","china","CN","2024-01-12","2024-06-13","https://www.thespike.gg/team/bilibili-gaming/17870"
"63030","LostMe","Bilibili Gaming","china","CN","2023-04-11","2023-05-03","https://www.thespike.gg/team/bilibili-gaming/17870"
"61829","BLG Lsida","Bilibili Gaming","china","CN","2023-03-22","2023-04-16","https://www.thespike.gg/team/bilibili-gaming/17870"
"61830","BLG Jem","Bilibili Gaming","china","CN","2023-02-20","2023-04-16","https://www.thespike.gg/team/bilibili-gaming/17870"
"62112","BLG Web","Bilibili Gaming","china","CN","2023-02-20","2023-04-11","https://www.thespike.gg/team/bilibili-gaming/17870"
"13351","PEACEMAKER","Bilibili Gaming","china","CN","","2023-03-26","https://www.thespike.gg/team/bilibili-gaming/17870"
"26584","sword9","Bilibili Gaming","china","CN","","2023-03-26","https://www.thespike.gg/team/bilibili-gaming/17870"
"60303","分手在起风这个季节","Bilibili Gaming","china","CN","2023-02-27","2023-03-22","https://www.thespike.gg/team/bilibili-gaming/17870"
"10123","Yoyo","TYLOO","china","TW","2025-06-24","2026-04-01","https://www.thespike.gg/team/tyloo/816"
"3544","COLDFISH","TYLOO","china","CN","2024-06-11","2026-01-17","https://www.thespike.gg/team/tyloo/816"
"78171","waituu","TYLOO","china","CN","2025-03-04","2025-11-04","https://www.thespike.gg/team/tyloo/816"
"13358","Ninebody","TYLOO","china","CN","2023-05-05","2025-10-17","https://www.thespike.gg/team/tyloo/816"
"75070","5CM","TYLOO","china","CN","2024-12-22","2025-06-19","https://www.thespike.gg/team/tyloo/816"
"27113","Eren","TYLOO","china","CN","2024-03-27","2025-03-04","https://www.thespike.gg/team/tyloo/816"
"73546","AakRR","TYLOO","china","CN","2023-08-28","2024-10-29","https://www.thespike.gg/team/tyloo/816"
"25618","ICEKING","TYLOO","china","CN","2023-08-28","2024-06-12","https://www.thespike.gg/team/tyloo/816"
"3535","SORRYMYBAD","TYLOO","china","CN","2023-03-07","2024-01-16","https://www.thespike.gg/team/tyloo/816"
"42652","Weirdo","TYLOO","china","CN","2023-11-01","2024-01-16","https://www.thespike.gg/team/tyloo/816"
"65079","suyjing","TYLOO","china","CN","2023-04-11","2023-09-28","https://www.thespike.gg/team/tyloo/816"
"31685","Maizi","TYLOO","china","CN","2023-05-05","2023-09-06","https://www.thespike.gg/team/tyloo/816"
"3566","Kite","TYLOO","china","CN","2023-02-08","2023-05-16","https://www.thespike.gg/team/tyloo/816"
"32376","Obito","TYLOO","china","CN","","2023-05-16","https://www.thespike.gg/team/tyloo/816"
"61037","cutiemeiji","TYLOO","china","UN","","2023-05-16","https://www.thespike.gg/team/tyloo/816"
"62987","krwz","TYLOO","china","UN","","2023-04-21","https://www.thespike.gg/team/tyloo/816"
"48406","Vayne","TYLOO","china","CN","2023-02-08","2023-04-21","https://www.thespike.gg/team/tyloo/816"
"61892","TYL qiuye","TYLOO","china","UN","2023-03-07","2023-04-21","https://www.thespike.gg/team/tyloo/816"
"42651","Mute","TYLOO","china","CN","2023-02-15","2023-04-21","https://www.thespike.gg/team/tyloo/816"
"3547","TryTryz","TYLOO","china","CN","2023-02-08","2023-04-11","https://www.thespike.gg/team/tyloo/816"
"32379","CZz","TYLOO","china","CN","","2023-03-23","https://www.thespike.gg/team/tyloo/816"
"26581","1uv0104","TYLOO","china","CN","","2023-03-10","https://www.thespike.gg/team/tyloo/816"
"25605","BEWATER","TYLOO","china","CN","","2023-02-15","https://www.thespike.gg/team/tyloo/816"
"44019","Sadness","TYLOO","china","CN","","2022-06-28","https://www.thespike.gg/team/tyloo/816"
"42683","Nights","TYLOO","china","CN","","2022-03-25","https://www.thespike.gg/team/tyloo/816"
"42649","Galaxy","TYLOO","china","CN","","2022-03-25","https://www.thespike.gg/team/tyloo/816"
"42650","niuma","TYLOO","china","CN","","2022-03-25","https://www.thespike.gg/team/tyloo/816"
"42653","Chaos","TYLOO","china","CN","","2022-03-25","https://www.thespike.gg/team/tyloo/816"
"3533","0012","TYLOO","china","CN","","2020-09-30","https://www.thespike.gg/team/tyloo/816"
"3534","SlpWa1ker","TYLOO","china","CN","","2020-09-30","https://www.thespike.gg/team/tyloo/816"
"3536","ebyaM","TYLOO","china","CN","","2020-09-30","https://www.thespike.gg/team/tyloo/816"
"3537","mini","TYLOO","china","CN","","2020-09-30","https://www.thespike.gg/team/tyloo/816"
"60156","Viva","Xi Lai Gaming","china","CN","2024-12-25","2025-11-11","https://www.thespike.gg/team/xi-lai-gaming/20048"
"81160","BDRRR","Xi Lai Gaming","china","CN","2025-08-26","2025-08-29","https://www.thespike.gg/team/xi-lai-gaming/20048"
"81161","Long","Xi Lai Gaming","china","CN","2025-08-26","2025-08-29","https://www.thespike.gg/team/xi-lai-gaming/20048"
"79320","Mentality","Xi Lai Gaming","china","CN","2025-05-08","2025-08-29","https://www.thespike.gg/team/xi-lai-gaming/20048"
"60886","MarT1n","Xi Lai Gaming","china","CN","2025-05-07","2025-06-28","https://www.thespike.gg/team/xi-lai-gaming/20048"
"73556","Midi","Xi Lai Gaming","china","CN","2025-06-02","2025-06-27","https://www.thespike.gg/team/xi-lai-gaming/20048"
"1209","YoU","Xi Lai Gaming","china","HK","2024-10-27","2025-05-19","https://www.thespike.gg/team/xi-lai-gaming/20048"
"79790","xRan","Xi Lai Gaming","china","CN","2025-05-07","2025-05-10","https://www.thespike.gg/team/xi-lai-gaming/20048"
"32374","ZiXuan","Xi Lai Gaming","china","CN","2024-11-27","2024-12-25","https://www.thespike.gg/team/xi-lai-gaming/20048"
"64935","MrCANI","Xi Lai Gaming","china","TW","2024-03-14","2024-12-23","https://www.thespike.gg/team/xi-lai-gaming/20048"
"72702","Satoshi","Xi Lai Gaming","china","CN","2023-12-21","2024-10-13","https://www.thespike.gg/team/xi-lai-gaming/20048"
"21239","Floatqq","Xi Lai Gaming","china","TW","2023-12-21","2024-03-14","https://www.thespike.gg/team/xi-lai-gaming/20048"
"57808","Moosey","Xi Lai Gaming","china","UN","2023-12-21","2024-03-14","https://www.thespike.gg/team/xi-lai-gaming/20048"
"42696","Revival","Xi Lai Gaming","china","CN","2023-12-21","2024-03-14","https://www.thespike.gg/team/xi-lai-gaming/20048"
"81799","SunsetRose","Xi Lai Gaming","china","CN","2023-12-21","2024-03-14","https://www.thespike.gg/team/xi-lai-gaming/20048"
"1210","heybay","Nova Esports","china","HK","2025-11-09","2026-06-28","https://www.thespike.gg/team/nova-esports/17988"
"60884","OBONE","Nova Esports","china","CN","2023-05-28","2026-06-28","https://www.thespike.gg/team/nova-esports/17988"
"25611","monk","Nova Esports","china","CN","2025-06-26","2026-01-17","https://www.thespike.gg/team/nova-esports/17988"
"60885","o0o0o","Nova Esports","china","CN","2023-05-28","2025-11-09","https://www.thespike.gg/team/nova-esports/17988"
"2836","Swerl","Nova Esports","china","IR","2024-03-28","2025-10-14","https://www.thespike.gg/team/nova-esports/17988"
"64507","DanGe","Nova Esports","china","CN","","2024-04-12","https://www.thespike.gg/team/nova-esports/17988"
"63886","wqc","Nova Esports","china","CN","","2024-04-12","https://www.thespike.gg/team/nova-esports/17988"
"9093","neveR","Nova Esports","china","RU","2023-12-20","2024-03-18","https://www.thespike.gg/team/nova-esports/17988"
"64499","JL","Nova Esports","china","CN","2023-09-06","2024-01-15","https://www.thespike.gg/team/nova-esports/17988"
"29728","Boox","Nova Esports","china","CN","2023-05-28","2023-09-06","https://www.thespike.gg/team/nova-esports/17988"
"26587","PangH","Nova Esports","china","CN","","2023-06-03","https://www.thespike.gg/team/nova-esports/17988"
"60883","NoVa byAn","Nova Esports","china","UN","","2023-05-19","https://www.thespike.gg/team/nova-esports/17988"
"83305","Ben1Ley","FunPlus Phoenix","china","CN","2026-03-24","2026-06-24","https://www.thespike.gg/team/funplus-phoenix/432"
"3923","sScary","FunPlus Phoenix","china","TH","2025-11-09","2026-03-23","https://www.thespike.gg/team/funplus-phoenix/432"
"19033","XII","FunPlus Phoenix","china","TW","2025-03-27","2025-08-13","https://www.thespike.gg/team/funplus-phoenix/432"
"42654","TZH","FunPlus Phoenix","china","CN","2023-01-09","2024-04-13","https://www.thespike.gg/team/funplus-phoenix/432"
"158","ANGE1","FunPlus Phoenix","china","UA","2020-08-08","2022-11-07","https://www.thespike.gg/team/funplus-phoenix/432"
"128","Zyppan","FunPlus Phoenix","china","SE","2020-08-08","2022-11-07","https://www.thespike.gg/team/funplus-phoenix/432"
"159","Shao","FunPlus Phoenix","china","RU","2020-08-08","2022-11-07","https://www.thespike.gg/team/funplus-phoenix/432"
"127","rhyme","FunPlus Phoenix","china","BA","2022-08-30","2022-09-19","https://www.thespike.gg/team/funplus-phoenix/432"
"1345","SEIDER","FunPlus Phoenix","china","DK","2022-07-09","2022-07-24","https://www.thespike.gg/team/funplus-phoenix/432"
"6578","MaskedPlayer","FunPlus Phoenix","china","DK","2022-06-24","2022-07-13","https://www.thespike.gg/team/funplus-phoenix/432"
"80219","kklin","JD Gaming","china","CN","2025-06-24","2026-06-05","https://www.thespike.gg/team/jd-gaming/20041"
"67818","riyabtw","JD Gaming","china","HK","2025-05-07","2026-01-17","https://www.thespike.gg/team/jd-gaming/20041"
"79311","Link7","JD Gaming","china","CN","2025-05-07","2026-01-17","https://www.thespike.gg/team/jd-gaming/20041"
"71863","Z1yan","JD Gaming","china","CN","2024-06-03","2026-01-09","https://www.thespike.gg/team/jd-gaming/20041"
"26644","Babyblue","JD Gaming","china","CN","2024-12-25","2025-11-04","https://www.thespike.gg/team/jd-gaming/20041"
"13359","YiHao","JD Gaming","china","CN","2024-01-16","2025-06-19","https://www.thespike.gg/team/jd-gaming/20041"
"10021","YHchen","JD Gaming","china","TW","2024-03-27","2025-03-09","https://www.thespike.gg/team/jd-gaming/20041"
"81963","Chloe","JD Gaming","china","CN","2023-09-07","2024-01-16","https://www.thespike.gg/team/jd-gaming/20041"
"25915","jNwOw","JD Gaming","china","CN","2023-10-05","2024-01-16","https://www.thespike.gg/team/jd-gaming/20041"
"81964","Nearley","JD Gaming","china","CN","2023-09-07","2024-01-16","https://www.thespike.gg/team/jd-gaming/20041"
"81962","Mad98","JD Gaming","china","CN","2023-09-07","2023-10-08","https://www.thespike.gg/team/jd-gaming/20041"
"10015","KiNo","JD Gaming","china","TW","2023-09-07","2023-10-08","https://www.thespike.gg/team/jd-gaming/20041"
"3541","Biank","Trace Esports","china","CN","2024-06-12","2025-12-30","https://www.thespike.gg/team/trace-esports/18813"
"3550","cxyy","Trace Esports","china","CN","2024-01-14","2025-03-10","https://www.thespike.gg/team/trace-esports/18813"
"62979","TE Moosey","Trace Esports","china","UN","2023-04-11","2023-04-20","https://www.thespike.gg/team/trace-esports/18813"
"1225","maOu","Trace Esports","china","TW","2023-04-11","2023-04-20","https://www.thespike.gg/team/trace-esports/18813"
"62981","TE Reb1rth","Trace Esports","china","UN","2023-04-11","2023-04-20","https://www.thespike.gg/team/trace-esports/18813"
"10121","TvirusLuke","Titan Esports Club","china","TW","2025-03-09","2026-01-16","https://www.thespike.gg/team/titan-esports-club/21069"
"52089","B1ack","Titan Esports Club","china","CN","2024-03-18","2025-06-09","https://www.thespike.gg/team/titan-esports-club/21069"
"61832","AC","Titan Esports Club","china","CN","2024-03-28","2024-12-23","https://www.thespike.gg/team/titan-esports-club/21069"
"42680","LockM","Titan Esports Club","china","CN","2024-01-13","2024-11-17","https://www.thespike.gg/team/titan-esports-club/21069"
"73551","Snail","Titan Esports Club","china","CN","2024-10-29","2024-11-10","https://www.thespike.gg/team/titan-esports-club/21069"
"25617","Sztwo","Titan Esports Club","china","CN","2023-10-31","2024-11-04","https://www.thespike.gg/team/titan-esports-club/21069"
"66252","shameless","Titan Esports Club","china","CN","2023-10-31","2024-06-11","https://www.thespike.gg/team/titan-esports-club/21069"
"69528","qiuye","Titan Esports Club","china","CN","2023-10-31","2024-06-11","https://www.thespike.gg/team/titan-esports-club/21069"
"63356","XTian","Titan Esports Club","china","CN","2023-10-31","2024-01-17","https://www.thespike.gg/team/titan-esports-club/21069"
"81924","ADe","Titan Esports Club","china","CN","2023-10-31","2024-01-17","https://www.thespike.gg/team/titan-esports-club/21069"
"32248","jowa","Wolves Esports","china","CN","2025-11-07","2026-07-02","https://www.thespike.gg/team/wolves-esports/21070"
"63591","R1ckLeexD","Wolves Esports","china","CN","2026-03-23","2026-04-05","https://www.thespike.gg/team/wolves-esports/21070"
"34551","juicy","Wolves Esports","china","SG","2024-11-25","2026-02-01","https://www.thespike.gg/team/wolves-esports/21070"
"73548","V1ya","Wolves Esports","china","CN","2023-12-25","2026-01-17","https://www.thespike.gg/team/wolves-esports/21070"
"2854","pl1xx","Wolves Esports","china","AU","2024-01-17","2024-08-19","https://www.thespike.gg/team/wolves-esports/21070"
"47030","Cyah","Wolves Esports","china","CN","2024-01-17","2024-06-13","https://www.thespike.gg/team/wolves-esports/21070"
"26244","FFs","Wolves Esports","china","MO","2024-01-17","2024-05-27","https://www.thespike.gg/team/wolves-esports/21070"
"81881","12","Wolves Esports","china","CN","2023-10-05","2024-01-17","https://www.thespike.gg/team/wolves-esports/21070"
"81880","142","Wolves Esports","china","CN","2023-10-05","2024-01-17","https://www.thespike.gg/team/wolves-esports/21070"
"81882","Aprcot","Wolves Esports","china","CN","2023-10-05","2024-01-17","https://www.thespike.gg/team/wolves-esports/21070"
"81883","INVINCIBLE","Wolves Esports","china","CN","2023-10-05","2024-01-17","https://www.thespike.gg/team/wolves-esports/21070"
"81884","Nagi","Wolves Esports","china","CN","2023-10-05","2024-01-17","https://www.thespike.gg/team/wolves-esports/21070"
"81885","SeaWave","Wolves Esports","china","CN","2023-10-05","2024-01-17","https://www.thespike.gg/team/wolves-esports/21070"
"81886","ShowCheng","Wolves Esports","china","CN","2023-10-05","2024-01-17","https://www.thespike.gg/team/wolves-esports/21070"
"81887","zzz9","Wolves Esports","china","CN","2023-10-05","2024-01-17","https://www.thespike.gg/team/wolves-esports/21070"
"71661","Cangshu","Dragon Ranger Gaming","china","TW","2024-10-29","2026-01-17","https://www.thespike.gg/team/dragon-ranger-gaming/17831"
"81970","baize","Dragon Ranger Gaming","china","CN","2025-03-10","2026-01-17","https://www.thespike.gg/team/dragon-ranger-gaming/17831"
"81153","Croudy","Dragon Ranger Gaming","china","TW","2025-08-26","2025-08-31","https://www.thespike.gg/team/dragon-ranger-gaming/17831"
"81150","Rachel","Dragon Ranger Gaming","china","CN","2025-08-26","2025-08-31","https://www.thespike.gg/team/dragon-ranger-gaming/17831"
"63640","Zeno","Dragon Ranger Gaming","china","SG","2023-12-19","2025-04-17","https://www.thespike.gg/team/dragon-ranger-gaming/17831"
"70566","Shion7","Dragon Ranger Gaming","china","CN","2024-01-18","2024-11-27","https://www.thespike.gg/team/dragon-ranger-gaming/17831"
"73549","Dingwei","Dragon Ranger Gaming","china","TW","2023-12-19","2024-10-25","https://www.thespike.gg/team/dragon-ranger-gaming/17831"
"73550","HaTo","Dragon Ranger Gaming","china","CN","2024-01-18","2024-05-06","https://www.thespike.gg/team/dragon-ranger-gaming/17831"
"15663","PAULTATO","Dragon Ranger Gaming","china","TW","2023-03-22","2024-04-13","https://www.thespike.gg/team/dragon-ranger-gaming/17831"
"64504","ichiro","Dragon Ranger Gaming","china","BY","2023-05-01","2023-07-16","https://www.thespike.gg/team/dragon-ranger-gaming/17831"
"61890","Death01","Dragon Ranger Gaming","china","CN","2023-03-22","2023-05-16","https://www.thespike.gg/team/dragon-ranger-gaming/17831"
"57795","qy123","Dragon Ranger Gaming","china","TW","","2023-03-23","https://www.thespike.gg/team/dragon-ranger-gaming/17831"
"60182","Point7","Dragon Ranger Gaming","china","UN","","2023-03-14","https://www.thespike.gg/team/dragon-ranger-gaming/17831"
"60183","acc","Dragon Ranger Gaming","china","UN","","2023-03-14","https://www.thespike.gg/team/dragon-ranger-gaming/17831"
"60643","DRG JUMPBENG","Dragon Ranger Gaming","china","CN","","2023-03-14","https://www.thespike.gg/team/dragon-ranger-gaming/17831"
"46623","LBY","Sharper Esports","pacific","TH","2024-11-13","2026-05-13","https://www.thespike.gg/team/sharper-esport/288"
"21732","siraphop","Sharper Esports","pacific","TH","2024-11-13","2026-05-13","https://www.thespike.gg/team/sharper-esport/288"
"32106","niffy","Sharper Esports","pacific","TH","2021-07-30","2026-01-10","https://www.thespike.gg/team/sharper-esport/288"
"53847","LoRangeZ","Sharper Esports","pacific","TH","2025-07-22","2026-01-10","https://www.thespike.gg/team/sharper-esport/288"
"27189","Kntz","Sharper Esports","pacific","TH","2024-11-13","2024-12-10","https://www.thespike.gg/team/sharper-esport/288"
"1290","PinOcChiOs","Sharper Esports","pacific","TH","2021-02-12","2024-10-29","https://www.thespike.gg/team/sharper-esport/288"
"27773","KRX","Sharper Esports","pacific","TH","","2024-10-29","https://www.thespike.gg/team/sharper-esport/288"
"8446","xZe","Sharper Esports","pacific","TH","2024-04-08","2024-10-29","https://www.thespike.gg/team/sharper-esport/288"
"39753","Reality","Sharper Esports","pacific","TH","","2024-10-29","https://www.thespike.gg/team/sharper-esport/288"
"1287","acetics","Sharper Esports","pacific","TH","2021-09-22","2024-10-29","https://www.thespike.gg/team/sharper-esport/288"
"61278","Jele","Sharper Esports","pacific","UN","","2024-01-27","https://www.thespike.gg/team/sharper-esport/288"
"62105","BossShi","Sharper Esports","pacific","TH","","2024-01-27","https://www.thespike.gg/team/sharper-esport/288"
"1236","Chainyz","Sharper Esports","pacific","TH","2020-07-18","2023-11-27","https://www.thespike.gg/team/sharper-esport/288"
"1294","Changee","Sharper Esports","pacific","TH","2022-02-01","2023-11-27","https://www.thespike.gg/team/sharper-esport/288"
"39228","jazper","Sharper Esports","pacific","TH","","2023-01-14","https://www.thespike.gg/team/sharper-esport/288"
"1239","b3ta","Sharper Esports","pacific","TH","2020-07-18","2022-06-27","https://www.thespike.gg/team/sharper-esport/288"
"1240","notxd","Sharper Esports","pacific","TH","2020-07-18","2021-10-01","https://www.thespike.gg/team/sharper-esport/288"
"1238","kawsoy","Sharper Esports","pacific","TH","2020-07-18","2021-07-01","https://www.thespike.gg/team/sharper-esport/288"
